#
# There is insufficient memory for the Java Runtime Environment to continue.
# Native memory allocation (mmap) failed to map 1346371584 bytes. Error detail: G1 virtual space
# Possible reasons:
#   The system is out of physical RAM or swap space
#   This process is running with CompressedOops enabled, and the Java Heap may be blocking the growth of the native heap
# Possible solutions:
#   Reduce memory load on the system
#   Increase physical memory or swap space
#   Check if swap backing store is full
#   Decrease Java heap size (-Xmx/-Xms)
#   Decrease number of Java threads
#   Decrease Java thread stack sizes (-Xss)
#   Set larger code cache with -XX:ReservedCodeCacheSize=
#   JVM is running with Zero Based Compressed Oops mode in which the Java heap is
#     placed in the first 32GB address space. The Java Heap base address is the
#     maximum limit for the native heap growth. Please use -XX:HeapBaseMinAddress
#     to set the Java Heap base and to place the Java Heap above 32GB virtual address.
# This output file may be truncated or incomplete.
#
#  Out of Memory Error (os_windows.cpp:3618), pid=15068, tid=28708
#
# JRE version: OpenJDK Runtime Environment Temurin-17.0.19+10 (17.0.19+10) (build 17.0.19+10)
# Java VM: OpenJDK 64-Bit Server VM Temurin-17.0.19+10 (17.0.19+10, mixed mode, sharing, tiered, compressed oops, compressed class ptrs, g1 gc, windows-amd64)
# No core dump will be written. Minidumps are not enabled by default on client versions of Windows
#

---------------  S U M M A R Y ------------

Command Line: --add-opens=java.base/java.lang=ALL-UNNAMED --add-opens=java.base/java.lang.invoke=ALL-UNNAMED --add-opens=java.base/java.util=ALL-UNNAMED --add-opens=java.prefs/java.util.prefs=ALL-UNNAMED --add-exports=jdk.compiler/com.sun.tools.javac.api=ALL-UNNAMED --add-exports=jdk.compiler/com.sun.tools.javac.util=ALL-UNNAMED --add-opens=java.base/java.util=ALL-UNNAMED --add-opens=java.prefs/java.util.prefs=ALL-UNNAMED --add-opens=java.base/java.nio.charset=ALL-UNNAMED --add-opens=java.base/java.net=ALL-UNNAMED --add-opens=java.base/java.util.concurrent=ALL-UNNAMED --add-opens=java.base/java.util.concurrent.atomic=ALL-UNNAMED --add-opens=java.xml/javax.xml.namespace=ALL-UNNAMED --add-opens=java.base/java.time=ALL-UNNAMED -Xmx4g -Dfile.encoding=UTF-8 -Duser.country=US -Duser.language=en -Duser.variant -javaagent:C:\Users\fucktrumpandrednecks\.gradle\wrapper\dists\gradle-9.3.1-bin\23ovyewtku6u96viwx3xl3oks\gradle-9.3.1\lib\agents\gradle-instrumentation-agent-9.3.1.jar org.gradle.launcher.daemon.bootstrap.GradleDaemon 9.3.1

Host: AMD Ryzen 5 3400G with Radeon Vega Graphics    , 8 cores, 13G,  Windows 10 , 64 bit Build 19041 (10.0.19041.5915)
Time: Fri May 29 21:55:09 2026 Pacific Daylight Time elapsed time: 166.866283 seconds (0d 0h 2m 46s)

---------------  T H R E A D  ---------------

Current thread (0x000001cbeefb3560):  VMThread "VM Thread" [stack: 0x000000c289e00000,0x000000c289f00000] [id=28708]

Stack: [0x000000c289e00000,0x000000c289f00000]
Native frames: (J=compiled Java code, j=interpreted, Vv=VM code, C=native code)
V  [jvm.dll+0x684b29]
V  [jvm.dll+0x83a2d5]
V  [jvm.dll+0x83bd4e]
V  [jvm.dll+0x83c3d3]
V  [jvm.dll+0x24905f]
V  [jvm.dll+0x6818e9]
V  [jvm.dll+0x6766ea]
V  [jvm.dll+0x3093b7]
V  [jvm.dll+0x3109a6]
V  [jvm.dll+0x360f1e]
V  [jvm.dll+0x36115d]
V  [jvm.dll+0x2e043c]
V  [jvm.dll+0x2de812]
V  [jvm.dll+0x2ddfac]
V  [jvm.dll+0x320c6b]
V  [jvm.dll+0x840bed]
V  [jvm.dll+0x841923]
V  [jvm.dll+0x841e4f]
V  [jvm.dll+0x842235]
V  [jvm.dll+0x8422fe]
V  [jvm.dll+0x7eaf1c]
V  [jvm.dll+0x6839f7]
C  [ucrtbase.dll+0x21bb2]
C  [KERNEL32.DLL+0x17374]
C  [ntdll.dll+0x4cc91]

VM_Operation (0x000000c2895f97f0): G1CollectForAllocation, mode: safepoint, requested by thread 0x000001cbfb406610


---------------  P R O C E S S  ---------------

Threads class SMR info:
_java_thread_list=0x000001cbfc9141e0, length=82, elements={
0x000001cbcc2b4db0, 0x000001cbeefb69a0, 0x000001cbeefb9480, 0x000001cbef51d9e0,
0x000001cbef51e4b0, 0x000001cbef520f90, 0x000001cbef523870, 0x000001cbef527a20,
0x000001cbef5303f0, 0x000001cbef53b4e0, 0x000001cbeefa2660, 0x000001cbef6a9ef0,
0x000001cbf577eb20, 0x000001cbf577f030, 0x000001cbf577e610, 0x000001cbf577e100,
0x000001cbf577f540, 0x000001cbf577bd90, 0x000001cbf577d1d0, 0x000001cbf577d6e0,
0x000001cbf577c2a0, 0x000001cbf577c7b0, 0x000001cbf577ccc0, 0x000001cbf5f49bb0,
0x000001cbf5f4b500, 0x000001cbf5f4aff0, 0x000001cbf5f4aae0, 0x000001cbf5f4a0c0,
0x000001cbf5f4e290, 0x000001cbf5f4a5d0, 0x000001cbf5f4ba10, 0x000001cbf5f4ecb0,
0x000001cbf5f4bf20, 0x000001cbf5f4c430, 0x000001cbf5f4e7a0, 0x000001cbf5f4f6d0,
0x000001cbf5f4c940, 0x000001cbf5f49190, 0x000001cbf5f4ce50, 0x000001cbf5f4d360,
0x000001cbf5f4f1c0, 0x000001cbf5f4fbe0, 0x000001cbf5f500f0, 0x000001cbf5f4d870,
0x000001cbf5f4dd80, 0x000001cbf5f50600, 0x000001cbf7d2cdd0, 0x000001cbf7d2d7f0,
0x000001cbf7d2dd00, 0x000001cbf7d2e210, 0x000001cbf7d30580, 0x000001cbf7d2b990,
0x000001cbf7d32e00, 0x000001cbf7d323e0, 0x000001cbf7d2f140, 0x000001cbf7d2fb60,
0x000001cbf81453b0, 0x000001cbf8143550, 0x000001cbf8143a60, 0x000001cbf81411e0,
0x000001cbf8146d00, 0x000001cbf8143f70, 0x000001cbf81458c0, 0x000001cbf8147720,
0x000001cbf8144ea0, 0x000001cbf8148b60, 0x000001cbf8142620, 0x000001cbf8147210,
0x000001cbf7d33310, 0x000001cbf7d2ec30, 0x000001cbf7d2bea0, 0x000001cbf577dbf0,
0x000001cbfb4000d0, 0x000001cbfb407030, 0x000001cbfb4047b0, 0x000001cbfb403d90,
0x000001cbfb401a20, 0x000001cbfb407540, 0x000001cbfb406610, 0x000001cbfb406100,
0x000001cbfb406b20, 0x000001cbf8fc5b20
}

Java Threads: ( => current thread )
  0x000001cbcc2b4db0 JavaThread "main" [_thread_blocked, id=30548, stack(0x000000c289800000,0x000000c289900000)]
  0x000001cbeefb69a0 JavaThread "Reference Handler" daemon [_thread_blocked, id=33576, stack(0x000000c289f00000,0x000000c28a000000)]
  0x000001cbeefb9480 JavaThread "Finalizer" daemon [_thread_blocked, id=7544, stack(0x000000c28a000000,0x000000c28a100000)]
  0x000001cbef51d9e0 JavaThread "Signal Dispatcher" daemon [_thread_blocked, id=23728, stack(0x000000c28a100000,0x000000c28a200000)]
  0x000001cbef51e4b0 JavaThread "Attach Listener" daemon [_thread_blocked, id=28512, stack(0x000000c28a200000,0x000000c28a300000)]
  0x000001cbef520f90 JavaThread "Service Thread" daemon [_thread_blocked, id=9664, stack(0x000000c28a300000,0x000000c28a400000)]
  0x000001cbef523870 JavaThread "Monitor Deflation Thread" daemon [_thread_blocked, id=34636, stack(0x000000c28a400000,0x000000c28a500000)]
  0x000001cbef527a20 JavaThread "C2 CompilerThread0" daemon [_thread_in_native, id=19340, stack(0x000000c28a500000,0x000000c28a600000)]
  0x000001cbef5303f0 JavaThread "C1 CompilerThread0" daemon [_thread_blocked, id=11188, stack(0x000000c28a600000,0x000000c28a700000)]
  0x000001cbef53b4e0 JavaThread "Sweeper thread" daemon [_thread_blocked, id=23984, stack(0x000000c28a700000,0x000000c28a800000)]
  0x000001cbeefa2660 JavaThread "Common-Cleaner" daemon [_thread_blocked, id=12504, stack(0x000000c28a800000,0x000000c28a900000)]
  0x000001cbef6a9ef0 JavaThread "Notification Thread" daemon [_thread_blocked, id=3000, stack(0x000000c28a900000,0x000000c28aa00000)]
  0x000001cbf577eb20 JavaThread "Daemon health stats" [_thread_blocked, id=22516, stack(0x000000c28b000000,0x000000c28b100000)]
  0x000001cbf577f030 JavaThread "Incoming local TCP Connector on port 63483" [_thread_in_native, id=11540, stack(0x000000c28b100000,0x000000c28b200000)]
  0x000001cbf577e610 JavaThread "Daemon periodic checks" [_thread_blocked, id=20136, stack(0x000000c28af00000,0x000000c28b000000)]
  0x000001cbf577e100 JavaThread "Daemon" [_thread_blocked, id=33376, stack(0x000000c28b200000,0x000000c28b300000)]
  0x000001cbf577f540 JavaThread "Handler for socket connection from /127.0.0.1:63483 to /127.0.0.1:63484" [_thread_in_native, id=20952, stack(0x000000c28b300000,0x000000c28b400000)]
  0x000001cbf577bd90 JavaThread "Cancel handler" [_thread_blocked, id=33496, stack(0x000000c28b400000,0x000000c28b500000)]
  0x000001cbf577d1d0 JavaThread "Daemon worker" [_thread_blocked, id=16724, stack(0x000000c28b500000,0x000000c28b600000)]
  0x000001cbf577d6e0 JavaThread "Asynchronous log dispatcher for DefaultDaemonConnection: socket connection from /127.0.0.1:63483 to /127.0.0.1:63484" [_thread_blocked, id=24032, stack(0x000000c28b600000,0x000000c28b700000)]
  0x000001cbf577c2a0 JavaThread "Stdin handler" [_thread_blocked, id=5888, stack(0x000000c28b700000,0x000000c28b800000)]
  0x000001cbf577c7b0 JavaThread "Daemon client event forwarder" [_thread_blocked, id=29184, stack(0x000000c28b800000,0x000000c28b900000)]
  0x000001cbf577ccc0 JavaThread "Cache worker for journal cache (C:\Users\fucktrumpandrednecks\.gradle\caches\journal-1)" [_thread_blocked, id=21564, stack(0x000000c28b900000,0x000000c28ba00000)]
  0x000001cbf5f49bb0 JavaThread "File lock request listener" [_thread_in_native, id=33036, stack(0x000000c28ba00000,0x000000c28bb00000)]
  0x000001cbf5f4b500 JavaThread "Cache worker for file hash cache (C:\Users\fucktrumpandrednecks\.gradle\caches\9.3.1\fileHashes)" [_thread_blocked, id=11360, stack(0x000000c28bb00000,0x000000c28bc00000)]
  0x000001cbf5f4aff0 JavaThread "Cache worker for file hash cache (D:\good-drivers-defender\.gradle\9.3.1\fileHashes)" [_thread_blocked, id=34172, stack(0x000000c28c100000,0x000000c28c200000)]
  0x000001cbf5f4aae0 JavaThread "Cache worker for Build Output Cleanup Cache (D:\good-drivers-defender\.gradle\buildOutputCleanup)" [_thread_blocked, id=20904, stack(0x000000c28c200000,0x000000c28c300000)]
  0x000001cbf5f4a0c0 JavaThread "File watcher server" daemon [_thread_blocked, id=25912, stack(0x000000c28c000000,0x000000c28c100000)]
  0x000001cbf5f4e290 JavaThread "File watcher consumer" daemon [_thread_blocked, id=25516, stack(0x000000c28c300000,0x000000c28c400000)]
  0x000001cbf5f4a5d0 JavaThread "Cache worker for checksums cache (D:\good-drivers-defender\.gradle\9.3.1\checksums)" [_thread_blocked, id=32640, stack(0x000000c28c500000,0x000000c28c600000)]
  0x000001cbf5f4ba10 JavaThread "Cache worker for file content cache (C:\Users\fucktrumpandrednecks\.gradle\caches\9.3.1\fileContent)" [_thread_blocked, id=21340, stack(0x000000c28c600000,0x000000c28c700000)]
  0x000001cbf5f4ecb0 JavaThread "Cache worker for cache directory md-supplier (C:\Users\fucktrumpandrednecks\.gradle\caches\9.3.1\md-supplier)" [_thread_blocked, id=6420, stack(0x000000c28c400000,0x000000c28c500000)]
  0x000001cbf5f4bf20 JavaThread "Cache worker for cache directory md-rule (C:\Users\fucktrumpandrednecks\.gradle\caches\9.3.1\md-rule)" [_thread_blocked, id=8556, stack(0x000000c28c700000,0x000000c28c800000)]
  0x000001cbf5f4c430 JavaThread "Unconstrained build operations" [_thread_blocked, id=30732, stack(0x000000c28c800000,0x000000c28c900000)]
  0x000001cbf5f4e7a0 JavaThread "Unconstrained build operations Thread 2" [_thread_blocked, id=13632, stack(0x000000c28c900000,0x000000c28ca00000)]
  0x000001cbf5f4f6d0 JavaThread "Unconstrained build operations Thread 3" [_thread_blocked, id=34664, stack(0x000000c28ca00000,0x000000c28cb00000)]
  0x000001cbf5f4c940 JavaThread "Unconstrained build operations Thread 4" [_thread_blocked, id=30100, stack(0x000000c28cb00000,0x000000c28cc00000)]
  0x000001cbf5f49190 JavaThread "Unconstrained build operations Thread 5" [_thread_blocked, id=10984, stack(0x000000c28cc00000,0x000000c28cd00000)]
  0x000001cbf5f4ce50 JavaThread "Unconstrained build operations Thread 6" [_thread_blocked, id=29736, stack(0x000000c28cd00000,0x000000c28ce00000)]
  0x000001cbf5f4d360 JavaThread "Unconstrained build operations Thread 7" [_thread_blocked, id=27632, stack(0x000000c28ce00000,0x000000c28cf00000)]
  0x000001cbf5f4f1c0 JavaThread "Unconstrained build operations Thread 8" [_thread_blocked, id=25964, stack(0x000000c28cf00000,0x000000c28d000000)]
  0x000001cbf5f4fbe0 JavaThread "Unconstrained build operations Thread 9" [_thread_blocked, id=24812, stack(0x000000c28d000000,0x000000c28d100000)]
  0x000001cbf5f500f0 JavaThread "Unconstrained build operations Thread 10" [_thread_blocked, id=14956, stack(0x000000c28d200000,0x000000c28d300000)]
  0x000001cbf5f4d870 JavaThread "Unconstrained build operations Thread 11" [_thread_blocked, id=33404, stack(0x000000c28d300000,0x000000c28d400000)]
  0x000001cbf5f4dd80 JavaThread "Unconstrained build operations Thread 12" [_thread_blocked, id=12656, stack(0x000000c28d400000,0x000000c28d500000)]
  0x000001cbf5f50600 JavaThread "Problems report writer" [_thread_blocked, id=12476, stack(0x000000c28d500000,0x000000c28d600000)]
  0x000001cbf7d2cdd0 JavaThread "Memory manager" [_thread_blocked, id=33144, stack(0x000000c28d700000,0x000000c28d800000)]
  0x000001cbf7d2d7f0 JavaThread "included builds" [_thread_blocked, id=18832, stack(0x000000c28da00000,0x000000c28db00000)]
  0x000001cbf7d2dd00 JavaThread "Execution worker" [_thread_blocked, id=16784, stack(0x000000c28db00000,0x000000c28dc00000)]
  0x000001cbf7d2e210 JavaThread "Execution worker Thread 2" [_thread_blocked, id=17592, stack(0x000000c28dc00000,0x000000c28dd00000)]
  0x000001cbf7d30580 JavaThread "Execution worker Thread 3" [_thread_blocked, id=27936, stack(0x000000c28dd00000,0x000000c28de00000)]
  0x000001cbf7d2b990 JavaThread "Cache worker for execution history cache (D:\good-drivers-defender\.gradle\9.3.1\executionHistory)" [_thread_blocked, id=29264, stack(0x000000c28de00000,0x000000c28df00000)]
  0x000001cbf7d32e00 JavaThread "Unconstrained build operations Thread 13" [_thread_blocked, id=15540, stack(0x000000c28df00000,0x000000c28e000000)]
  0x000001cbf7d323e0 JavaThread "Unconstrained build operations Thread 14" [_thread_blocked, id=12372, stack(0x000000c28e000000,0x000000c28e100000)]
  0x000001cbf7d2f140 JavaThread "Unconstrained build operations Thread 15" [_thread_blocked, id=31628, stack(0x000000c28e100000,0x000000c28e200000)]
  0x000001cbf7d2fb60 JavaThread "Unconstrained build operations Thread 16" [_thread_blocked, id=29188, stack(0x000000c28e300000,0x000000c28e400000)]
  0x000001cbf81453b0 JavaThread "Unconstrained build operations Thread 17" [_thread_blocked, id=11008, stack(0x000000c28e400000,0x000000c28e500000)]
  0x000001cbf8143550 JavaThread "Unconstrained build operations Thread 18" [_thread_blocked, id=15516, stack(0x000000c28e500000,0x000000c28e600000)]
  0x000001cbf8143a60 JavaThread "WorkerExecutor Queue" [_thread_blocked, id=11672, stack(0x000000c28e200000,0x000000c28e300000)]
  0x000001cbf81411e0 JavaThread "WorkerExecutor Queue Thread 2" [_thread_blocked, id=8988, stack(0x000000c28e600000,0x000000c28e700000)]
  0x000001cbf8146d00 JavaThread "WorkerExecutor Queue Thread 3" [_thread_blocked, id=15124, stack(0x000000c28e700000,0x000000c28e800000)]
  0x000001cbf8143f70 JavaThread "WorkerExecutor Queue Thread 4" [_thread_blocked, id=34368, stack(0x000000c28e800000,0x000000c28e900000)]
  0x000001cbf81458c0 JavaThread "Unconstrained build operations Thread 19" [_thread_blocked, id=21448, stack(0x000000c28e900000,0x000000c28ea00000)]
  0x000001cbf8147720 JavaThread "Unconstrained build operations Thread 20" [_thread_blocked, id=23300, stack(0x000000c28ea00000,0x000000c28eb00000)]
  0x000001cbf8144ea0 JavaThread "Unconstrained build operations Thread 21" [_thread_blocked, id=28152, stack(0x000000c28eb00000,0x000000c28ec00000)]
  0x000001cbf8148b60 JavaThread "Unconstrained build operations Thread 22" [_thread_blocked, id=33960, stack(0x000000c289600000,0x000000c289700000)]
  0x000001cbf8142620 JavaThread "Unconstrained build operations Thread 23" [_thread_blocked, id=32536, stack(0x000000c28ec00000,0x000000c28ed00000)]
  0x000001cbf8147210 JavaThread "Unconstrained build operations Thread 24" [_thread_blocked, id=28480, stack(0x000000c28ed00000,0x000000c28ee00000)]
  0x000001cbf7d33310 JavaThread "Unconstrained build operations Thread 25" [_thread_blocked, id=10384, stack(0x000000c28ee00000,0x000000c28ef00000)]
  0x000001cbf7d2ec30 JavaThread "Unconstrained build operations Thread 26" [_thread_blocked, id=18060, stack(0x000000c28ef00000,0x000000c28f000000)]
  0x000001cbf7d2bea0 JavaThread "Unconstrained build operations Thread 27" [_thread_blocked, id=16256, stack(0x000000c28f000000,0x000000c28f100000)]
  0x000001cbf577dbf0 JavaThread "Unconstrained build operations Thread 28" [_thread_blocked, id=11216, stack(0x000000c28f100000,0x000000c28f200000)]
  0x000001cbfb4000d0 JavaThread "Unconstrained build operations Thread 29" [_thread_blocked, id=34332, stack(0x000000c28f200000,0x000000c28f300000)]
  0x000001cbfb407030 JavaThread "Unconstrained build operations Thread 30" [_thread_blocked, id=22416, stack(0x000000c28f300000,0x000000c28f400000)]
  0x000001cbfb4047b0 JavaThread "Unconstrained build operations Thread 31" [_thread_blocked, id=25244, stack(0x000000c28f400000,0x000000c28f500000)]
  0x000001cbfb403d90 JavaThread "Unconstrained build operations Thread 32" [_thread_blocked, id=33660, stack(0x000000c28f500000,0x000000c28f600000)]
  0x000001cbfb401a20 JavaThread "Unconstrained build operations Thread 33" [_thread_blocked, id=32700, stack(0x000000c28f600000,0x000000c28f700000)]
  0x000001cbfb407540 JavaThread "Unconstrained build operations Thread 34" [_thread_blocked, id=24764, stack(0x000000c28f700000,0x000000c28f800000)]
  0x000001cbfb406610 JavaThread "Unconstrained build operations Thread 35" [_thread_blocked, id=30804, stack(0x000000c289500000,0x000000c289600000)]
  0x000001cbfb406100 JavaThread "Unconstrained build operations Thread 36" [_thread_blocked, id=19748, stack(0x000000c28f800000,0x000000c28f900000)]
  0x000001cbfb406b20 JavaThread "Unconstrained build operations Thread 37" [_thread_blocked, id=31108, stack(0x000000c28f900000,0x000000c28fa00000)]
  0x000001cbf8fc5b20 JavaThread "C2 CompilerThread1" daemon [_thread_blocked, id=9916, stack(0x000000c28d600000,0x000000c28d700000)]

Other Threads:
=>0x000001cbeefb3560 VMThread "VM Thread" [stack: 0x000000c289e00000,0x000000c289f00000] [id=28708]
  0x000001cbef6e6990 WatcherThread [stack: 0x000000c28aa00000,0x000000c28ab00000] [id=17164]
  0x000001cbcc320fc0 GCTaskThread "GC Thread#0" [stack: 0x000000c289900000,0x000000c289a00000] [id=33744]
  0x000001cbef7adda0 GCTaskThread "GC Thread#1" [stack: 0x000000c28ab00000,0x000000c28ac00000] [id=28544]
  0x000001cbef81a980 GCTaskThread "GC Thread#2" [stack: 0x000000c28ac00000,0x000000c28ad00000] [id=24020]
  0x000001cbef81ac40 GCTaskThread "GC Thread#3" [stack: 0x000000c28ad00000,0x000000c28ae00000] [id=33336]
  0x000001cbef7b0590 GCTaskThread "GC Thread#4" [stack: 0x000000c28ae00000,0x000000c28af00000] [id=11912]
  0x000001cbf5dd83e0 GCTaskThread "GC Thread#5" [stack: 0x000000c28bc00000,0x000000c28bd00000] [id=13440]
  0x000001cbf5dc7830 GCTaskThread "GC Thread#6" [stack: 0x000000c28bd00000,0x000000c28be00000] [id=27688]
  0x000001cbf5ca3c50 GCTaskThread "GC Thread#7" [stack: 0x000000c28be00000,0x000000c28bf00000] [id=22880]
  0x000001cbcc331cc0 ConcurrentGCThread "G1 Main Marker" [stack: 0x000000c289a00000,0x000000c289b00000] [id=14888]
  0x000001cbcc332c30 ConcurrentGCThread "G1 Conc#0" [stack: 0x000000c289b00000,0x000000c289c00000] [id=32692]
  0x000001cbf5e5d6d0 ConcurrentGCThread "G1 Conc#1" [stack: 0x000000c28bf00000,0x000000c28c000000] [id=31956]
  0x000001cbcc36eb40 ConcurrentGCThread "G1 Refine#0" [stack: 0x000000c289c00000,0x000000c289d00000] [id=23648]
  0x000001cbf755a910 ConcurrentGCThread "G1 Refine#1" [stack: 0x000000c28d100000,0x000000c28d200000] [id=32012]
  0x000001cbfb4f82c0 ConcurrentGCThread "G1 Refine#2" [stack: 0x000000c289700000,0x000000c289800000] [id=12172]
  0x000001cbeee69db0 ConcurrentGCThread "G1 Service" [stack: 0x000000c289d00000,0x000000c289e00000] [id=27404]

Threads with active compile tasks:
C2 CompilerThread0  166989 30705       4       com.android.tools.r8.ir.regalloc.b::c (4466 bytes)
C2 CompilerThread1  166990 30736       4       org.apache.commons.compress.archivers.tar.TarUtils::formatNameBytes (109 bytes)

VM state: at safepoint (normal execution)

VM Mutex/Monitor currently owned by a thread:  ([mutex/lock_event])
[0x000001cbcc2b0ed0] Threads_lock - owner thread: 0x000001cbeefb3560
[0x000001cbcc2b11a0] Heap_lock - owner thread: 0x000001cbfb406610

Heap address: 0x0000000700000000, size: 4096 MB, Compressed Oops mode: Zero based, Oop shift amount: 3

CDS archive(s) mapped at: [0x000001cb80000000-0x000001cb80bb0000-0x000001cb80bb0000), size 12255232, SharedBaseAddress: 0x000001cb80000000, ArchiveRelocationMode: 1.
Compressed class space mapped at: 0x000001cb81000000-0x000001cbc1000000, reserved size: 1073741824
Narrow klass base: 0x000001cb80000000, Narrow klass shift: 0, Narrow klass range: 0x100000000

GC Precious Log:
 CPUs: 8 total, 8 available
 Memory: 14261M
 Large Page Support: Disabled
 NUMA Support: Disabled
 Compressed Oops: Enabled (Zero based)
 Heap Region Size: 2M
 Heap Min Capacity: 8M
 Heap Initial Capacity: 224M
 Heap Max Capacity: 4G
 Pre-touch: Disabled
 Parallel Workers: 8
 Concurrent Workers: 2
 Concurrent Refinement Workers: 8
 Periodic GC: Disabled

Heap:
 garbage-first heap   total 907264K, used 293352K [0x0000000700000000, 0x0000000800000000)
  region size 2048K, 4 young (8192K), 4 survivors (8192K)
 Metaspace       used 127934K, committed 129024K, reserved 1179648K
  class space    used 17100K, committed 17600K, reserved 1048576K

Heap Regions: E=young(eden), S=young(survivor), O=old, HS=humongous(starts), HC=humongous(continues), CS=collection set, F=free, OA=open archive, CA=closed archive, TAMS=top-at-mark-start (previous, next)
|   0|0x0000000700000000, 0x0000000700200000, 0x0000000700200000|100%|HS|  |TAMS 0x0000000700200000, 0x0000000700000000| Complete 
|   1|0x0000000700200000, 0x0000000700400000, 0x0000000700400000|100%|HC|  |TAMS 0x0000000700400000, 0x0000000700200000| Complete 
|   2|0x0000000700400000, 0x0000000700600000, 0x0000000700600000|100%| O|  |TAMS 0x0000000700600000, 0x0000000700400000| Untracked 
|   3|0x0000000700600000, 0x0000000700800000, 0x0000000700800000|100%| O|  |TAMS 0x0000000700800000, 0x0000000700600000| Untracked 
|   4|0x0000000700800000, 0x0000000700a00000, 0x0000000700a00000|100%| O|  |TAMS 0x0000000700a00000, 0x0000000700800000| Untracked 
|   5|0x0000000700a00000, 0x0000000700c00000, 0x0000000700c00000|100%| O|  |TAMS 0x0000000700c00000, 0x0000000700a00000| Untracked 
|   6|0x0000000700c00000, 0x0000000700e00000, 0x0000000700e00000|100%| O|  |TAMS 0x0000000700e00000, 0x0000000700c00000| Untracked 
|   7|0x0000000700e00000, 0x0000000701000000, 0x0000000701000000|100%| O|  |TAMS 0x0000000701000000, 0x0000000700e00000| Untracked 
|   8|0x0000000701000000, 0x0000000701200000, 0x0000000701200000|100%| O|  |TAMS 0x0000000701200000, 0x0000000701000000| Untracked 
|   9|0x0000000701200000, 0x0000000701400000, 0x0000000701400000|100%| O|  |TAMS 0x0000000701400000, 0x0000000701200000| Untracked 
|  10|0x0000000701400000, 0x0000000701600000, 0x0000000701600000|100%| O|  |TAMS 0x0000000701600000, 0x0000000701400000| Untracked 
|  11|0x0000000701600000, 0x0000000701800000, 0x0000000701800000|100%| O|  |TAMS 0x0000000701800000, 0x0000000701600000| Untracked 
|  12|0x0000000701800000, 0x0000000701a00000, 0x0000000701a00000|100%| O|  |TAMS 0x0000000701a00000, 0x0000000701800000| Untracked 
|  13|0x0000000701a00000, 0x0000000701c00000, 0x0000000701c00000|100%| O|  |TAMS 0x0000000701c00000, 0x0000000701a00000| Untracked 
|  14|0x0000000701c00000, 0x0000000701e00000, 0x0000000701e00000|100%| O|  |TAMS 0x0000000701e00000, 0x0000000701c00000| Untracked 
|  15|0x0000000701e00000, 0x0000000702000000, 0x0000000702000000|100%| O|  |TAMS 0x0000000702000000, 0x0000000701e00000| Untracked 
|  16|0x0000000702000000, 0x0000000702200000, 0x0000000702200000|100%| O|  |TAMS 0x0000000702200000, 0x0000000702000000| Untracked 
|  17|0x0000000702200000, 0x0000000702400000, 0x0000000702400000|100%| O|  |TAMS 0x0000000702400000, 0x0000000702200000| Untracked 
|  18|0x0000000702400000, 0x0000000702600000, 0x0000000702600000|100%| O|  |TAMS 0x0000000702600000, 0x0000000702400000| Untracked 
|  19|0x0000000702600000, 0x0000000702800000, 0x0000000702800000|100%| O|  |TAMS 0x0000000702800000, 0x0000000702600000| Untracked 
|  20|0x0000000702800000, 0x0000000702a00000, 0x0000000702a00000|100%| O|  |TAMS 0x0000000702a00000, 0x0000000702800000| Untracked 
|  21|0x0000000702a00000, 0x0000000702c00000, 0x0000000702c00000|100%| O|  |TAMS 0x0000000702c00000, 0x0000000702a00000| Untracked 
|  22|0x0000000702c00000, 0x0000000702e00000, 0x0000000702e00000|100%| O|  |TAMS 0x0000000702e00000, 0x0000000702c00000| Untracked 
|  23|0x0000000702e00000, 0x0000000703000000, 0x0000000703000000|100%| O|  |TAMS 0x0000000703000000, 0x0000000702e00000| Untracked 
|  24|0x0000000703000000, 0x0000000703200000, 0x0000000703200000|100%|HS|  |TAMS 0x0000000703200000, 0x0000000703000000| Complete 
|  25|0x0000000703200000, 0x0000000703400000, 0x0000000703400000|100%| O|  |TAMS 0x0000000703400000, 0x0000000703200000| Untracked 
|  26|0x0000000703400000, 0x0000000703600000, 0x0000000703600000|100%| O|  |TAMS 0x0000000703600000, 0x0000000703400000| Untracked 
|  27|0x0000000703600000, 0x0000000703800000, 0x0000000703800000|100%| O|  |TAMS 0x0000000703800000, 0x0000000703600000| Untracked 
|  28|0x0000000703800000, 0x0000000703a00000, 0x0000000703a00000|100%| O|  |TAMS 0x0000000703a00000, 0x0000000703800000| Untracked 
|  29|0x0000000703a00000, 0x0000000703c00000, 0x0000000703c00000|100%| O|  |TAMS 0x0000000703c00000, 0x0000000703a00000| Untracked 
|  30|0x0000000703c00000, 0x0000000703e00000, 0x0000000703e00000|100%| O|  |TAMS 0x0000000703e00000, 0x0000000703c00000| Untracked 
|  31|0x0000000703e00000, 0x0000000704000000, 0x0000000704000000|100%| O|  |TAMS 0x0000000704000000, 0x0000000703e00000| Untracked 
|  32|0x0000000704000000, 0x0000000704200000, 0x0000000704200000|100%| O|  |TAMS 0x0000000704200000, 0x0000000704000000| Untracked 
|  33|0x0000000704200000, 0x0000000704400000, 0x0000000704400000|100%| O|  |TAMS 0x0000000704400000, 0x0000000704200000| Untracked 
|  34|0x0000000704400000, 0x0000000704600000, 0x0000000704600000|100%| O|  |TAMS 0x0000000704600000, 0x0000000704400000| Untracked 
|  35|0x0000000704600000, 0x0000000704800000, 0x0000000704800000|100%|HS|  |TAMS 0x0000000704800000, 0x0000000704600000| Complete 
|  36|0x0000000704800000, 0x0000000704a00000, 0x0000000704a00000|100%| O|  |TAMS 0x0000000704a00000, 0x0000000704800000| Untracked 
|  37|0x0000000704a00000, 0x0000000704c00000, 0x0000000704c00000|100%| O|  |TAMS 0x0000000704c00000, 0x0000000704a00000| Untracked 
|  38|0x0000000704c00000, 0x0000000704e00000, 0x0000000704e00000|100%| O|  |TAMS 0x0000000704e00000, 0x0000000704c00000| Untracked 
|  39|0x0000000704e00000, 0x0000000705000000, 0x0000000705000000|100%| O|  |TAMS 0x0000000705000000, 0x0000000704e00000| Untracked 
|  40|0x0000000705000000, 0x0000000705200000, 0x0000000705200000|100%| O|  |TAMS 0x0000000705200000, 0x0000000705000000| Untracked 
|  41|0x0000000705200000, 0x0000000705400000, 0x0000000705400000|100%| O|  |TAMS 0x0000000705400000, 0x0000000705200000| Untracked 
|  42|0x0000000705400000, 0x0000000705600000, 0x0000000705600000|100%| O|  |TAMS 0x0000000705600000, 0x0000000705400000| Untracked 
|  43|0x0000000705600000, 0x0000000705800000, 0x0000000705800000|100%| O|  |TAMS 0x0000000705800000, 0x0000000705600000| Untracked 
|  44|0x0000000705800000, 0x0000000705a00000, 0x0000000705a00000|100%| O|  |TAMS 0x0000000705a00000, 0x0000000705800000| Untracked 
|  45|0x0000000705a00000, 0x0000000705c00000, 0x0000000705c00000|100%| O|  |TAMS 0x0000000705c00000, 0x0000000705a00000| Untracked 
|  46|0x0000000705c00000, 0x0000000705e00000, 0x0000000705e00000|100%| O|  |TAMS 0x0000000705e00000, 0x0000000705c00000| Untracked 
|  47|0x0000000705e00000, 0x0000000706000000, 0x0000000706000000|100%| O|  |TAMS 0x0000000706000000, 0x0000000705e00000| Untracked 
|  48|0x0000000706000000, 0x0000000706200000, 0x0000000706200000|100%| O|  |TAMS 0x0000000706200000, 0x0000000706000000| Untracked 
|  49|0x0000000706200000, 0x0000000706400000, 0x0000000706400000|100%| O|  |TAMS 0x0000000706200000, 0x0000000706200000| Untracked 
|  50|0x0000000706400000, 0x0000000706400000, 0x0000000706600000|  0%| F|  |TAMS 0x0000000706400000, 0x0000000706400000| Untracked 
|  51|0x0000000706600000, 0x0000000706800000, 0x0000000706800000|100%| O|  |TAMS 0x0000000706800000, 0x0000000706600000| Untracked 
|  52|0x0000000706800000, 0x0000000706a00000, 0x0000000706a00000|100%| O|  |TAMS 0x0000000706a00000, 0x0000000706800000| Untracked 
|  53|0x0000000706a00000, 0x0000000706c00000, 0x0000000706c00000|100%| O|  |TAMS 0x0000000706c00000, 0x0000000706a00000| Untracked 
|  54|0x0000000706c00000, 0x0000000706e00000, 0x0000000706e00000|100%| O|  |TAMS 0x0000000706c00000, 0x0000000706c00000| Untracked 
|  55|0x0000000706e00000, 0x0000000706e00000, 0x0000000707000000|  0%| F|  |TAMS 0x0000000706e00000, 0x0000000706e00000| Untracked 
|  56|0x0000000707000000, 0x0000000707200000, 0x0000000707200000|100%| O|  |TAMS 0x0000000707000000, 0x0000000707000000| Untracked 
|  57|0x0000000707200000, 0x0000000707400000, 0x0000000707400000|100%| O|  |TAMS 0x0000000707200000, 0x0000000707200000| Untracked 
|  58|0x0000000707400000, 0x0000000707600000, 0x0000000707600000|100%| O|  |TAMS 0x0000000707400000, 0x0000000707400000| Untracked 
|  59|0x0000000707600000, 0x0000000707600000, 0x0000000707800000|  0%| F|  |TAMS 0x0000000707600000, 0x0000000707600000| Untracked 
|  60|0x0000000707800000, 0x0000000707800000, 0x0000000707a00000|  0%| F|  |TAMS 0x0000000707800000, 0x0000000707800000| Untracked 
|  61|0x0000000707a00000, 0x0000000707a00000, 0x0000000707c00000|  0%| F|  |TAMS 0x0000000707a00000, 0x0000000707a00000| Untracked 
|  62|0x0000000707c00000, 0x0000000707e00000, 0x0000000707e00000|100%| O|  |TAMS 0x0000000707c00000, 0x0000000707c00000| Untracked 
|  63|0x0000000707e00000, 0x0000000707e00000, 0x0000000708000000|  0%| F|  |TAMS 0x0000000707e00000, 0x0000000707e00000| Untracked 
|  64|0x0000000708000000, 0x0000000708200000, 0x0000000708200000|100%| O|  |TAMS 0x0000000708000000, 0x0000000708000000| Untracked 
|  65|0x0000000708200000, 0x0000000708200000, 0x0000000708400000|  0%| F|  |TAMS 0x0000000708200000, 0x0000000708200000| Untracked 
|  66|0x0000000708400000, 0x0000000708400000, 0x0000000708600000|  0%| F|  |TAMS 0x0000000708400000, 0x0000000708400000| Untracked 
|  67|0x0000000708600000, 0x0000000708800000, 0x0000000708800000|100%| O|  |TAMS 0x0000000708600000, 0x0000000708600000| Untracked 
|  68|0x0000000708800000, 0x0000000708a00000, 0x0000000708a00000|100%| O|  |TAMS 0x0000000708800000, 0x0000000708800000| Untracked 
|  69|0x0000000708a00000, 0x0000000708a00000, 0x0000000708c00000|  0%| F|  |TAMS 0x0000000708a00000, 0x0000000708a00000| Untracked 
|  70|0x0000000708c00000, 0x0000000708c00000, 0x0000000708e00000|  0%| F|  |TAMS 0x0000000708c00000, 0x0000000708c00000| Untracked 
|  71|0x0000000708e00000, 0x0000000708e00000, 0x0000000709000000|  0%| F|  |TAMS 0x0000000708e00000, 0x0000000708e00000| Untracked 
|  72|0x0000000709000000, 0x0000000709000000, 0x0000000709200000|  0%| F|  |TAMS 0x0000000709000000, 0x0000000709000000| Untracked 
|  73|0x0000000709200000, 0x0000000709400000, 0x0000000709400000|100%| O|  |TAMS 0x0000000709200000, 0x0000000709200000| Untracked 
|  74|0x0000000709400000, 0x0000000709400000, 0x0000000709600000|  0%| F|  |TAMS 0x0000000709400000, 0x0000000709400000| Untracked 
|  75|0x0000000709600000, 0x0000000709600000, 0x0000000709800000|  0%| F|  |TAMS 0x0000000709600000, 0x0000000709600000| Untracked 
|  76|0x0000000709800000, 0x0000000709a00000, 0x0000000709a00000|100%| O|  |TAMS 0x0000000709a00000, 0x0000000709800000| Untracked 
|  77|0x0000000709a00000, 0x0000000709a00000, 0x0000000709c00000|  0%| F|  |TAMS 0x0000000709a00000, 0x0000000709a00000| Untracked 
|  78|0x0000000709c00000, 0x0000000709e00000, 0x0000000709e00000|100%| O|  |TAMS 0x0000000709e00000, 0x0000000709c00000| Untracked 
|  79|0x0000000709e00000, 0x0000000709e00000, 0x000000070a000000|  0%| F|  |TAMS 0x0000000709e00000, 0x0000000709e00000| Untracked 
|  80|0x000000070a000000, 0x000000070a000000, 0x000000070a200000|  0%| F|  |TAMS 0x000000070a000000, 0x000000070a000000| Untracked 
|  81|0x000000070a200000, 0x000000070a200000, 0x000000070a400000|  0%| F|  |TAMS 0x000000070a200000, 0x000000070a200000| Untracked 
|  82|0x000000070a400000, 0x000000070a600000, 0x000000070a600000|100%| O|  |TAMS 0x000000070a600000, 0x000000070a400000| Untracked 
|  83|0x000000070a600000, 0x000000070a800000, 0x000000070a800000|100%| O|  |TAMS 0x000000070a800000, 0x000000070a600000| Untracked 
|  84|0x000000070a800000, 0x000000070aa00000, 0x000000070aa00000|100%| O|  |TAMS 0x000000070aa00000, 0x000000070a800000| Untracked 
|  85|0x000000070aa00000, 0x000000070aa00000, 0x000000070ac00000|  0%| F|  |TAMS 0x000000070aa00000, 0x000000070aa00000| Untracked 
|  86|0x000000070ac00000, 0x000000070ac00000, 0x000000070ae00000|  0%| F|  |TAMS 0x000000070ac00000, 0x000000070ac00000| Untracked 
|  87|0x000000070ae00000, 0x000000070b000000, 0x000000070b000000|100%| O|  |TAMS 0x000000070ae00000, 0x000000070ae00000| Untracked 
|  88|0x000000070b000000, 0x000000070b000000, 0x000000070b200000|  0%| F|  |TAMS 0x000000070b000000, 0x000000070b000000| Untracked 
|  89|0x000000070b200000, 0x000000070b200000, 0x000000070b400000|  0%| F|  |TAMS 0x000000070b200000, 0x000000070b200000| Untracked 
|  90|0x000000070b400000, 0x000000070b400000, 0x000000070b600000|  0%| F|  |TAMS 0x000000070b400000, 0x000000070b400000| Untracked 
|  91|0x000000070b600000, 0x000000070b600000, 0x000000070b800000|  0%| F|  |TAMS 0x000000070b600000, 0x000000070b600000| Untracked 
|  92|0x000000070b800000, 0x000000070b800000, 0x000000070ba00000|  0%| F|  |TAMS 0x000000070b800000, 0x000000070b800000| Untracked 
|  93|0x000000070ba00000, 0x000000070ba00000, 0x000000070bc00000|  0%| F|  |TAMS 0x000000070ba00000, 0x000000070ba00000| Untracked 
|  94|0x000000070bc00000, 0x000000070bc00000, 0x000000070be00000|  0%| F|  |TAMS 0x000000070bc00000, 0x000000070bc00000| Untracked 
|  95|0x000000070be00000, 0x000000070be00000, 0x000000070c000000|  0%| F|  |TAMS 0x000000070be00000, 0x000000070be00000| Untracked 
|  96|0x000000070c000000, 0x000000070c000000, 0x000000070c200000|  0%| F|  |TAMS 0x000000070c000000, 0x000000070c000000| Untracked 
|  97|0x000000070c200000, 0x000000070c200000, 0x000000070c400000|  0%| F|  |TAMS 0x000000070c200000, 0x000000070c200000| Untracked 
|  98|0x000000070c400000, 0x000000070c600000, 0x000000070c600000|100%| O|  |TAMS 0x000000070c600000, 0x000000070c400000| Untracked 
|  99|0x000000070c600000, 0x000000070c800000, 0x000000070c800000|100%| O|  |TAMS 0x000000070c800000, 0x000000070c600000| Untracked 
| 100|0x000000070c800000, 0x000000070ca00000, 0x000000070ca00000|100%| O|  |TAMS 0x000000070ca00000, 0x000000070c800000| Untracked 
| 101|0x000000070ca00000, 0x000000070ca00000, 0x000000070cc00000|  0%| F|  |TAMS 0x000000070ca00000, 0x000000070ca00000| Untracked 
| 102|0x000000070cc00000, 0x000000070cc00000, 0x000000070ce00000|  0%| F|  |TAMS 0x000000070cc00000, 0x000000070cc00000| Untracked 
| 103|0x000000070ce00000, 0x000000070ce00000, 0x000000070d000000|  0%| F|  |TAMS 0x000000070ce00000, 0x000000070ce00000| Untracked 
| 104|0x000000070d000000, 0x000000070d200000, 0x000000070d200000|100%| O|  |TAMS 0x000000070d200000, 0x000000070d000000| Untracked 
| 105|0x000000070d200000, 0x000000070d400000, 0x000000070d400000|100%| O|  |TAMS 0x000000070d400000, 0x000000070d200000| Untracked 
| 106|0x000000070d400000, 0x000000070d400000, 0x000000070d600000|  0%| F|  |TAMS 0x000000070d400000, 0x000000070d400000| Untracked 
| 107|0x000000070d600000, 0x000000070d600000, 0x000000070d800000|  0%| F|  |TAMS 0x000000070d600000, 0x000000070d600000| Untracked 
| 108|0x000000070d800000, 0x000000070d800000, 0x000000070da00000|  0%| F|  |TAMS 0x000000070d800000, 0x000000070d800000| Untracked 
| 109|0x000000070da00000, 0x000000070da00000, 0x000000070dc00000|  0%| F|  |TAMS 0x000000070da00000, 0x000000070da00000| Untracked 
| 110|0x000000070dc00000, 0x000000070dc00000, 0x000000070de00000|  0%| F|  |TAMS 0x000000070dc00000, 0x000000070dc00000| Untracked 
| 111|0x000000070de00000, 0x000000070de00000, 0x000000070e000000|  0%| F|  |TAMS 0x000000070de00000, 0x000000070de00000| Untracked 
| 112|0x000000070e000000, 0x000000070e000000, 0x000000070e200000|  0%| F|  |TAMS 0x000000070e000000, 0x000000070e000000| Untracked 
| 113|0x000000070e200000, 0x000000070e200000, 0x000000070e400000|  0%| F|  |TAMS 0x000000070e200000, 0x000000070e200000| Untracked 
| 114|0x000000070e400000, 0x000000070e400000, 0x000000070e600000|  0%| F|  |TAMS 0x000000070e400000, 0x000000070e400000| Untracked 
| 115|0x000000070e600000, 0x000000070e600000, 0x000000070e800000|  0%| F|  |TAMS 0x000000070e600000, 0x000000070e600000| Untracked 
| 116|0x000000070e800000, 0x000000070e800000, 0x000000070ea00000|  0%| F|  |TAMS 0x000000070e800000, 0x000000070e800000| Untracked 
| 117|0x000000070ea00000, 0x000000070ea00000, 0x000000070ec00000|  0%| F|  |TAMS 0x000000070ea00000, 0x000000070ea00000| Untracked 
| 118|0x000000070ec00000, 0x000000070ec00000, 0x000000070ee00000|  0%| F|  |TAMS 0x000000070ec00000, 0x000000070ec00000| Untracked 
| 119|0x000000070ee00000, 0x000000070ee00000, 0x000000070f000000|  0%| F|  |TAMS 0x000000070ee00000, 0x000000070ee00000| Untracked 
| 120|0x000000070f000000, 0x000000070f000000, 0x000000070f200000|  0%| F|  |TAMS 0x000000070f000000, 0x000000070f000000| Untracked 
| 121|0x000000070f200000, 0x000000070f200000, 0x000000070f400000|  0%| F|  |TAMS 0x000000070f200000, 0x000000070f200000| Untracked 
| 122|0x000000070f400000, 0x000000070f400000, 0x000000070f600000|  0%| F|  |TAMS 0x000000070f400000, 0x000000070f400000| Untracked 
| 123|0x000000070f600000, 0x000000070f600000, 0x000000070f800000|  0%| F|  |TAMS 0x000000070f600000, 0x000000070f600000| Untracked 
| 124|0x000000070f800000, 0x000000070f800000, 0x000000070fa00000|  0%| F|  |TAMS 0x000000070f800000, 0x000000070f800000| Untracked 
| 125|0x000000070fa00000, 0x000000070fa00000, 0x000000070fc00000|  0%| F|  |TAMS 0x000000070fa00000, 0x000000070fa00000| Untracked 
| 126|0x000000070fc00000, 0x000000070fc00000, 0x000000070fe00000|  0%| F|  |TAMS 0x000000070fc00000, 0x000000070fc00000| Untracked 
| 127|0x000000070fe00000, 0x000000070fe00000, 0x0000000710000000|  0%| F|  |TAMS 0x000000070fe00000, 0x000000070fe00000| Untracked 
| 128|0x0000000710000000, 0x0000000710000000, 0x0000000710200000|  0%| F|  |TAMS 0x0000000710000000, 0x0000000710000000| Untracked 
| 129|0x0000000710200000, 0x0000000710200000, 0x0000000710400000|  0%| F|  |TAMS 0x0000000710200000, 0x0000000710200000| Untracked 
| 130|0x0000000710400000, 0x0000000710600000, 0x0000000710600000|100%| O|  |TAMS 0x0000000710600000, 0x0000000710400000| Untracked 
| 131|0x0000000710600000, 0x0000000710800000, 0x0000000710800000|100%| O|  |TAMS 0x0000000710800000, 0x0000000710600000| Untracked 
| 132|0x0000000710800000, 0x0000000710a00000, 0x0000000710a00000|100%| O|  |TAMS 0x0000000710a00000, 0x0000000710800000| Untracked 
| 133|0x0000000710a00000, 0x0000000710c00000, 0x0000000710c00000|100%| O|  |TAMS 0x0000000710c00000, 0x0000000710a00000| Untracked 
| 134|0x0000000710c00000, 0x0000000710e00000, 0x0000000710e00000|100%| O|  |TAMS 0x0000000710e00000, 0x0000000710c00000| Untracked 
| 135|0x0000000710e00000, 0x0000000711000000, 0x0000000711000000|100%| O|  |TAMS 0x0000000711000000, 0x0000000710e00000| Untracked 
| 136|0x0000000711000000, 0x0000000711200000, 0x0000000711200000|100%| O|  |TAMS 0x0000000711200000, 0x0000000711000000| Untracked 
| 137|0x0000000711200000, 0x0000000711400000, 0x0000000711400000|100%| O|  |TAMS 0x0000000711400000, 0x0000000711200000| Untracked 
| 138|0x0000000711400000, 0x0000000711600000, 0x0000000711600000|100%| O|  |TAMS 0x0000000711600000, 0x0000000711400000| Untracked 
| 139|0x0000000711600000, 0x0000000711800000, 0x0000000711800000|100%| O|  |TAMS 0x0000000711800000, 0x0000000711600000| Untracked 
| 140|0x0000000711800000, 0x0000000711a00000, 0x0000000711a00000|100%| O|  |TAMS 0x0000000711a00000, 0x0000000711800000| Untracked 
| 141|0x0000000711a00000, 0x0000000711c00000, 0x0000000711c00000|100%| O|  |TAMS 0x0000000711c00000, 0x0000000711a00000| Untracked 
| 142|0x0000000711c00000, 0x0000000711e00000, 0x0000000711e00000|100%| O|  |TAMS 0x0000000711e00000, 0x0000000711c00000| Untracked 
| 143|0x0000000711e00000, 0x0000000712000000, 0x0000000712000000|100%| O|  |TAMS 0x0000000712000000, 0x0000000711e00000| Untracked 
| 144|0x0000000712000000, 0x0000000712200000, 0x0000000712200000|100%| O|  |TAMS 0x0000000712200000, 0x0000000712000000| Untracked 
| 145|0x0000000712200000, 0x0000000712400000, 0x0000000712400000|100%| O|  |TAMS 0x0000000712400000, 0x0000000712200000| Untracked 
| 146|0x0000000712400000, 0x0000000712600000, 0x0000000712600000|100%| O|  |TAMS 0x0000000712600000, 0x0000000712400000| Untracked 
| 147|0x0000000712600000, 0x0000000712800000, 0x0000000712800000|100%| O|  |TAMS 0x0000000712800000, 0x0000000712600000| Untracked 
| 148|0x0000000712800000, 0x0000000712800000, 0x0000000712a00000|  0%| F|  |TAMS 0x0000000712800000, 0x0000000712800000| Untracked 
| 149|0x0000000712a00000, 0x0000000712c00000, 0x0000000712c00000|100%| O|  |TAMS 0x0000000712c00000, 0x0000000712a00000| Untracked 
| 150|0x0000000712c00000, 0x0000000712c7a0d8, 0x0000000712e00000| 23%| S|CS|TAMS 0x0000000712c00000, 0x0000000712c00000| Complete 
| 151|0x0000000712e00000, 0x0000000713000000, 0x0000000713000000|100%| S|CS|TAMS 0x0000000712e00000, 0x0000000712e00000| Complete 
| 152|0x0000000713000000, 0x0000000713200000, 0x0000000713200000|100%| S|CS|TAMS 0x0000000713000000, 0x0000000713000000| Complete 
| 153|0x0000000713200000, 0x0000000713400000, 0x0000000713400000|100%| O|  |TAMS 0x0000000713400000, 0x0000000713200000| Untracked 
| 154|0x0000000713400000, 0x0000000713600000, 0x0000000713600000|100%| O|  |TAMS 0x0000000713600000, 0x0000000713400000| Untracked 
| 155|0x0000000713600000, 0x0000000713800000, 0x0000000713800000|100%| O|  |TAMS 0x0000000713800000, 0x0000000713600000| Untracked 
| 156|0x0000000713800000, 0x0000000713a00000, 0x0000000713a00000|100%| O|  |TAMS 0x0000000713a00000, 0x0000000713800000| Untracked 
| 157|0x0000000713a00000, 0x0000000713c00000, 0x0000000713c00000|100%| O|  |TAMS 0x0000000713c00000, 0x0000000713a00000| Untracked 
| 158|0x0000000713c00000, 0x0000000713e00000, 0x0000000713e00000|100%| S|CS|TAMS 0x0000000713c00000, 0x0000000713c00000| Complete 
| 159|0x0000000713e00000, 0x0000000714000000, 0x0000000714000000|100%| O|  |TAMS 0x0000000714000000, 0x0000000713e00000| Untracked 
| 160|0x0000000714000000, 0x0000000714200000, 0x0000000714200000|100%| O|  |TAMS 0x0000000714200000, 0x0000000714000000| Untracked 
| 161|0x0000000714200000, 0x0000000714400000, 0x0000000714400000|100%| O|  |TAMS 0x0000000714400000, 0x0000000714200000| Untracked 
| 162|0x0000000714400000, 0x0000000714600000, 0x0000000714600000|100%| O|  |TAMS 0x0000000714600000, 0x0000000714400000| Untracked 
| 163|0x0000000714600000, 0x0000000714800000, 0x0000000714800000|100%| O|  |TAMS 0x0000000714800000, 0x0000000714600000| Untracked 
| 164|0x0000000714800000, 0x0000000714a00000, 0x0000000714a00000|100%| O|  |TAMS 0x0000000714a00000, 0x0000000714800000| Untracked 
| 165|0x0000000714a00000, 0x0000000714c00000, 0x0000000714c00000|100%| O|  |TAMS 0x0000000714c00000, 0x0000000714a00000| Untracked 
| 166|0x0000000714c00000, 0x0000000714e00000, 0x0000000714e00000|100%| O|  |TAMS 0x0000000714e00000, 0x0000000714c00000| Untracked 
| 167|0x0000000714e00000, 0x0000000715000000, 0x0000000715000000|100%| O|  |TAMS 0x0000000715000000, 0x0000000714e00000| Untracked 
| 168|0x0000000715000000, 0x0000000715200000, 0x0000000715200000|100%| O|  |TAMS 0x0000000715200000, 0x0000000715000000| Untracked 
| 169|0x0000000715200000, 0x0000000715200000, 0x0000000715400000|  0%| F|  |TAMS 0x0000000715200000, 0x0000000715200000| Untracked 
| 170|0x0000000715400000, 0x0000000715600000, 0x0000000715600000|100%| O|  |TAMS 0x0000000715600000, 0x0000000715400000| Untracked 
| 171|0x0000000715600000, 0x0000000715600000, 0x0000000715800000|  0%| F|  |TAMS 0x0000000715600000, 0x0000000715600000| Untracked 
| 172|0x0000000715800000, 0x0000000715800000, 0x0000000715a00000|  0%| F|  |TAMS 0x0000000715800000, 0x0000000715800000| Untracked 
| 173|0x0000000715a00000, 0x0000000715a00000, 0x0000000715c00000|  0%| F|  |TAMS 0x0000000715a00000, 0x0000000715a00000| Untracked 
| 174|0x0000000715c00000, 0x0000000715c00000, 0x0000000715e00000|  0%| F|  |TAMS 0x0000000715c00000, 0x0000000715c00000| Untracked 
| 175|0x0000000715e00000, 0x0000000716000000, 0x0000000716000000|100%| O|  |TAMS 0x0000000716000000, 0x0000000715e00000| Untracked 
| 176|0x0000000716000000, 0x0000000716200000, 0x0000000716200000|100%| O|  |TAMS 0x0000000716200000, 0x0000000716000000| Untracked 
| 177|0x0000000716200000, 0x0000000716400000, 0x0000000716400000|100%| O|  |TAMS 0x0000000716400000, 0x0000000716200000| Untracked 
| 178|0x0000000716400000, 0x0000000716600000, 0x0000000716600000|100%| O|  |TAMS 0x0000000716600000, 0x0000000716400000| Untracked 
| 179|0x0000000716600000, 0x0000000716800000, 0x0000000716800000|100%| O|  |TAMS 0x0000000716800000, 0x0000000716600000| Untracked 
| 180|0x0000000716800000, 0x0000000716a00000, 0x0000000716a00000|100%| O|  |TAMS 0x0000000716a00000, 0x0000000716800000| Untracked 
| 181|0x0000000716a00000, 0x0000000716c00000, 0x0000000716c00000|100%| O|  |TAMS 0x0000000716c00000, 0x0000000716a00000| Untracked 
| 182|0x0000000716c00000, 0x0000000716e00000, 0x0000000716e00000|100%| O|  |TAMS 0x0000000716e00000, 0x0000000716c00000| Untracked 
| 183|0x0000000716e00000, 0x0000000717000000, 0x0000000717000000|100%| O|  |TAMS 0x0000000717000000, 0x0000000716e00000| Untracked 
| 184|0x0000000717000000, 0x0000000717200000, 0x0000000717200000|100%| O|  |TAMS 0x0000000717200000, 0x0000000717000000| Untracked 
| 185|0x0000000717200000, 0x0000000717400000, 0x0000000717400000|100%| O|  |TAMS 0x0000000717400000, 0x0000000717200000| Untracked 
| 186|0x0000000717400000, 0x0000000717600000, 0x0000000717600000|100%| O|  |TAMS 0x0000000717600000, 0x0000000717400000| Untracked 
| 187|0x0000000717600000, 0x0000000717800000, 0x0000000717800000|100%| O|  |TAMS 0x0000000717800000, 0x0000000717600000| Untracked 
| 188|0x0000000717800000, 0x0000000717a00000, 0x0000000717a00000|100%| O|  |TAMS 0x0000000717a00000, 0x0000000717800000| Untracked 
| 189|0x0000000717a00000, 0x0000000717c00000, 0x0000000717c00000|100%| O|  |TAMS 0x0000000717c00000, 0x0000000717a00000| Untracked 
| 190|0x0000000717c00000, 0x0000000717e00000, 0x0000000717e00000|100%| O|  |TAMS 0x0000000717e00000, 0x0000000717c00000| Untracked 
| 191|0x0000000717e00000, 0x0000000718000000, 0x0000000718000000|100%| O|  |TAMS 0x0000000718000000, 0x0000000717e00000| Untracked 
| 192|0x0000000718000000, 0x0000000718200000, 0x0000000718200000|100%| O|  |TAMS 0x0000000718200000, 0x0000000718000000| Untracked 
| 193|0x0000000718200000, 0x0000000718400000, 0x0000000718400000|100%| O|  |TAMS 0x0000000718400000, 0x0000000718200000| Untracked 
| 194|0x0000000718400000, 0x0000000718600000, 0x0000000718600000|100%| O|  |TAMS 0x0000000718600000, 0x0000000718400000| Untracked 
| 195|0x0000000718600000, 0x0000000718800000, 0x0000000718800000|100%| O|  |TAMS 0x0000000718800000, 0x0000000718600000| Untracked 
| 196|0x0000000718800000, 0x0000000718a00000, 0x0000000718a00000|100%| O|  |TAMS 0x0000000718a00000, 0x0000000718800000| Untracked 
| 197|0x0000000718a00000, 0x0000000718c00000, 0x0000000718c00000|100%| O|  |TAMS 0x0000000718c00000, 0x0000000718a00000| Untracked 
| 198|0x0000000718c00000, 0x0000000718e00000, 0x0000000718e00000|100%| O|  |TAMS 0x0000000718e00000, 0x0000000718c00000| Untracked 
| 199|0x0000000718e00000, 0x0000000719000000, 0x0000000719000000|100%| O|  |TAMS 0x0000000719000000, 0x0000000718e00000| Untracked 
| 200|0x0000000719000000, 0x0000000719200000, 0x0000000719200000|100%| O|  |TAMS 0x0000000719200000, 0x0000000719000000| Untracked 
| 201|0x0000000719200000, 0x0000000719400000, 0x0000000719400000|100%| O|  |TAMS 0x0000000719400000, 0x0000000719200000| Untracked 
| 202|0x0000000719400000, 0x0000000719600000, 0x0000000719600000|100%| O|  |TAMS 0x0000000719600000, 0x0000000719400000| Untracked 
| 203|0x0000000719600000, 0x0000000719800000, 0x0000000719800000|100%| O|  |TAMS 0x0000000719800000, 0x0000000719600000| Untracked 
| 204|0x0000000719800000, 0x0000000719a00000, 0x0000000719a00000|100%| O|  |TAMS 0x0000000719a00000, 0x0000000719800000| Untracked 
| 205|0x0000000719a00000, 0x0000000719c00000, 0x0000000719c00000|100%| O|  |TAMS 0x0000000719c00000, 0x0000000719a00000| Untracked 
| 206|0x0000000719c00000, 0x0000000719e00000, 0x0000000719e00000|100%| O|  |TAMS 0x0000000719c6d400, 0x0000000719c00000| Untracked 
| 207|0x0000000719e00000, 0x0000000719e00000, 0x000000071a000000|  0%| F|  |TAMS 0x0000000719e00000, 0x0000000719e00000| Untracked 
| 208|0x000000071a000000, 0x000000071a000000, 0x000000071a200000|  0%| F|  |TAMS 0x000000071a000000, 0x000000071a000000| Untracked 
| 209|0x000000071a200000, 0x000000071a200000, 0x000000071a400000|  0%| F|  |TAMS 0x000000071a200000, 0x000000071a200000| Untracked 
| 210|0x000000071a400000, 0x000000071a400000, 0x000000071a600000|  0%| F|  |TAMS 0x000000071a400000, 0x000000071a400000| Untracked 
| 211|0x000000071a600000, 0x000000071a600000, 0x000000071a800000|  0%| F|  |TAMS 0x000000071a600000, 0x000000071a600000| Untracked 
| 212|0x000000071a800000, 0x000000071a800000, 0x000000071aa00000|  0%| F|  |TAMS 0x000000071a800000, 0x000000071a800000| Untracked 
| 213|0x000000071aa00000, 0x000000071aa00000, 0x000000071ac00000|  0%| F|  |TAMS 0x000000071aa00000, 0x000000071aa00000| Untracked 
| 214|0x000000071ac00000, 0x000000071ac00000, 0x000000071ae00000|  0%| F|  |TAMS 0x000000071ac00000, 0x000000071ac00000| Untracked 
| 215|0x000000071ae00000, 0x000000071ae00000, 0x000000071b000000|  0%| F|  |TAMS 0x000000071ae00000, 0x000000071ae00000| Untracked 
| 216|0x000000071b000000, 0x000000071b000000, 0x000000071b200000|  0%| F|  |TAMS 0x000000071b000000, 0x000000071b000000| Untracked 
| 217|0x000000071b200000, 0x000000071b200000, 0x000000071b400000|  0%| F|  |TAMS 0x000000071b200000, 0x000000071b200000| Untracked 
| 218|0x000000071b400000, 0x000000071b400000, 0x000000071b600000|  0%| F|  |TAMS 0x000000071b400000, 0x000000071b400000| Untracked 
| 219|0x000000071b600000, 0x000000071b600000, 0x000000071b800000|  0%| F|  |TAMS 0x000000071b600000, 0x000000071b600000| Untracked 
| 220|0x000000071b800000, 0x000000071b800000, 0x000000071ba00000|  0%| F|  |TAMS 0x000000071b800000, 0x000000071b800000| Untracked 
| 221|0x000000071ba00000, 0x000000071ba00000, 0x000000071bc00000|  0%| F|  |TAMS 0x000000071ba00000, 0x000000071ba00000| Untracked 
| 222|0x000000071bc00000, 0x000000071bc00000, 0x000000071be00000|  0%| F|  |TAMS 0x000000071bc00000, 0x000000071bc00000| Untracked 
| 223|0x000000071be00000, 0x000000071be00000, 0x000000071c000000|  0%| F|  |TAMS 0x000000071be00000, 0x000000071be00000| Untracked 
| 224|0x000000071c000000, 0x000000071c000000, 0x000000071c200000|  0%| F|  |TAMS 0x000000071c000000, 0x000000071c000000| Untracked 
| 225|0x000000071c200000, 0x000000071c200000, 0x000000071c400000|  0%| F|  |TAMS 0x000000071c200000, 0x000000071c200000| Untracked 
| 226|0x000000071c400000, 0x000000071c400000, 0x000000071c600000|  0%| F|  |TAMS 0x000000071c400000, 0x000000071c400000| Untracked 
| 227|0x000000071c600000, 0x000000071c600000, 0x000000071c800000|  0%| F|  |TAMS 0x000000071c600000, 0x000000071c600000| Untracked 
| 228|0x000000071c800000, 0x000000071c800000, 0x000000071ca00000|  0%| F|  |TAMS 0x000000071c800000, 0x000000071c800000| Untracked 
| 229|0x000000071ca00000, 0x000000071ca00000, 0x000000071cc00000|  0%| F|  |TAMS 0x000000071ca00000, 0x000000071ca00000| Untracked 
| 230|0x000000071cc00000, 0x000000071cc00000, 0x000000071ce00000|  0%| F|  |TAMS 0x000000071cc00000, 0x000000071cc00000| Untracked 
| 231|0x000000071ce00000, 0x000000071ce00000, 0x000000071d000000|  0%| F|  |TAMS 0x000000071ce00000, 0x000000071ce00000| Untracked 
| 232|0x000000071d000000, 0x000000071d000000, 0x000000071d200000|  0%| F|  |TAMS 0x000000071d000000, 0x000000071d000000| Untracked 
| 233|0x000000071d200000, 0x000000071d200000, 0x000000071d400000|  0%| F|  |TAMS 0x000000071d200000, 0x000000071d200000| Untracked 
| 234|0x000000071d400000, 0x000000071d400000, 0x000000071d600000|  0%| F|  |TAMS 0x000000071d400000, 0x000000071d400000| Untracked 
| 235|0x000000071d600000, 0x000000071d600000, 0x000000071d800000|  0%| F|  |TAMS 0x000000071d600000, 0x000000071d600000| Untracked 
| 236|0x000000071d800000, 0x000000071d800000, 0x000000071da00000|  0%| F|  |TAMS 0x000000071d800000, 0x000000071d800000| Untracked 
| 237|0x000000071da00000, 0x000000071da00000, 0x000000071dc00000|  0%| F|  |TAMS 0x000000071da00000, 0x000000071da00000| Untracked 
| 238|0x000000071dc00000, 0x000000071dc00000, 0x000000071de00000|  0%| F|  |TAMS 0x000000071dc00000, 0x000000071dc00000| Untracked 
| 239|0x000000071de00000, 0x000000071de00000, 0x000000071e000000|  0%| F|  |TAMS 0x000000071de00000, 0x000000071de00000| Untracked 
| 240|0x000000071e000000, 0x000000071e000000, 0x000000071e200000|  0%| F|  |TAMS 0x000000071e000000, 0x000000071e000000| Untracked 
| 241|0x000000071e200000, 0x000000071e200000, 0x000000071e400000|  0%| F|  |TAMS 0x000000071e200000, 0x000000071e200000| Untracked 
| 242|0x000000071e400000, 0x000000071e400000, 0x000000071e600000|  0%| F|  |TAMS 0x000000071e400000, 0x000000071e400000| Untracked 
| 243|0x000000071e600000, 0x000000071e600000, 0x000000071e800000|  0%| F|  |TAMS 0x000000071e600000, 0x000000071e600000| Untracked 
| 244|0x000000071e800000, 0x000000071e800000, 0x000000071ea00000|  0%| F|  |TAMS 0x000000071e800000, 0x000000071e800000| Untracked 
| 245|0x000000071ea00000, 0x000000071ea00000, 0x000000071ec00000|  0%| F|  |TAMS 0x000000071ea00000, 0x000000071ea00000| Untracked 
| 246|0x000000071ec00000, 0x000000071ec00000, 0x000000071ee00000|  0%| F|  |TAMS 0x000000071ec00000, 0x000000071ec00000| Untracked 
| 247|0x000000071ee00000, 0x000000071ee00000, 0x000000071f000000|  0%| F|  |TAMS 0x000000071ee00000, 0x000000071ee00000| Untracked 
| 248|0x000000071f000000, 0x000000071f000000, 0x000000071f200000|  0%| F|  |TAMS 0x000000071f000000, 0x000000071f000000| Untracked 
| 249|0x000000071f200000, 0x000000071f200000, 0x000000071f400000|  0%| F|  |TAMS 0x000000071f200000, 0x000000071f200000| Untracked 
| 250|0x000000071f400000, 0x000000071f400000, 0x000000071f600000|  0%| F|  |TAMS 0x000000071f400000, 0x000000071f400000| Untracked 
| 251|0x000000071f600000, 0x000000071f600000, 0x000000071f800000|  0%| F|  |TAMS 0x000000071f600000, 0x000000071f600000| Untracked 
| 252|0x000000071f800000, 0x000000071f800000, 0x000000071fa00000|  0%| F|  |TAMS 0x000000071f800000, 0x000000071f800000| Untracked 
| 253|0x000000071fa00000, 0x000000071fa00000, 0x000000071fc00000|  0%| F|  |TAMS 0x000000071fa00000, 0x000000071fa00000| Untracked 
| 254|0x000000071fc00000, 0x000000071fc00000, 0x000000071fe00000|  0%| F|  |TAMS 0x000000071fc00000, 0x000000071fc00000| Untracked 
| 255|0x000000071fe00000, 0x000000071fe00000, 0x0000000720000000|  0%| F|  |TAMS 0x000000071fe00000, 0x000000071fe00000| Untracked 
| 256|0x0000000720000000, 0x0000000720000000, 0x0000000720200000|  0%| F|  |TAMS 0x0000000720000000, 0x0000000720000000| Untracked 
| 257|0x0000000720200000, 0x0000000720200000, 0x0000000720400000|  0%| F|  |TAMS 0x0000000720200000, 0x0000000720200000| Untracked 
| 258|0x0000000720400000, 0x0000000720400000, 0x0000000720600000|  0%| F|  |TAMS 0x0000000720400000, 0x0000000720400000| Untracked 
| 259|0x0000000720600000, 0x0000000720600000, 0x0000000720800000|  0%| F|  |TAMS 0x0000000720600000, 0x0000000720600000| Untracked 
| 260|0x0000000720800000, 0x0000000720800000, 0x0000000720a00000|  0%| F|  |TAMS 0x0000000720800000, 0x0000000720800000| Untracked 
| 261|0x0000000720a00000, 0x0000000720a00000, 0x0000000720c00000|  0%| F|  |TAMS 0x0000000720a00000, 0x0000000720a00000| Untracked 
| 262|0x0000000720c00000, 0x0000000720c00000, 0x0000000720e00000|  0%| F|  |TAMS 0x0000000720c00000, 0x0000000720c00000| Untracked 
| 263|0x0000000720e00000, 0x0000000720e00000, 0x0000000721000000|  0%| F|  |TAMS 0x0000000720e00000, 0x0000000720e00000| Untracked 
| 264|0x0000000721000000, 0x0000000721000000, 0x0000000721200000|  0%| F|  |TAMS 0x0000000721000000, 0x0000000721000000| Untracked 
| 265|0x0000000721200000, 0x0000000721200000, 0x0000000721400000|  0%| F|  |TAMS 0x0000000721200000, 0x0000000721200000| Untracked 
| 266|0x0000000721400000, 0x0000000721400000, 0x0000000721600000|  0%| F|  |TAMS 0x0000000721400000, 0x0000000721400000| Untracked 
| 267|0x0000000721600000, 0x0000000721600000, 0x0000000721800000|  0%| F|  |TAMS 0x0000000721600000, 0x0000000721600000| Untracked 
| 268|0x0000000721800000, 0x0000000721800000, 0x0000000721a00000|  0%| F|  |TAMS 0x0000000721800000, 0x0000000721800000| Untracked 
| 269|0x0000000721a00000, 0x0000000721a00000, 0x0000000721c00000|  0%| F|  |TAMS 0x0000000721a00000, 0x0000000721a00000| Untracked 
| 270|0x0000000721c00000, 0x0000000721c00000, 0x0000000721e00000|  0%| F|  |TAMS 0x0000000721c00000, 0x0000000721c00000| Untracked 
| 271|0x0000000721e00000, 0x0000000721e00000, 0x0000000722000000|  0%| F|  |TAMS 0x0000000721e00000, 0x0000000721e00000| Untracked 
| 272|0x0000000722000000, 0x0000000722000000, 0x0000000722200000|  0%| F|  |TAMS 0x0000000722000000, 0x0000000722000000| Untracked 
| 273|0x0000000722200000, 0x0000000722200000, 0x0000000722400000|  0%| F|  |TAMS 0x0000000722200000, 0x0000000722200000| Untracked 
| 274|0x0000000722400000, 0x0000000722400000, 0x0000000722600000|  0%| F|  |TAMS 0x0000000722400000, 0x0000000722400000| Untracked 
| 275|0x0000000722600000, 0x0000000722600000, 0x0000000722800000|  0%| F|  |TAMS 0x0000000722600000, 0x0000000722600000| Untracked 
| 276|0x0000000722800000, 0x0000000722800000, 0x0000000722a00000|  0%| F|  |TAMS 0x0000000722800000, 0x0000000722800000| Untracked 
| 277|0x0000000722a00000, 0x0000000722a00000, 0x0000000722c00000|  0%| F|  |TAMS 0x0000000722a00000, 0x0000000722a00000| Untracked 
| 278|0x0000000722c00000, 0x0000000722c00000, 0x0000000722e00000|  0%| F|  |TAMS 0x0000000722c00000, 0x0000000722c00000| Untracked 
| 279|0x0000000722e00000, 0x0000000722e00000, 0x0000000723000000|  0%| F|  |TAMS 0x0000000722e00000, 0x0000000722e00000| Untracked 
| 280|0x0000000723000000, 0x0000000723000000, 0x0000000723200000|  0%| F|  |TAMS 0x0000000723000000, 0x0000000723000000| Untracked 
| 281|0x0000000723200000, 0x0000000723200000, 0x0000000723400000|  0%| F|  |TAMS 0x0000000723200000, 0x0000000723200000| Untracked 
| 282|0x0000000723400000, 0x0000000723400000, 0x0000000723600000|  0%| F|  |TAMS 0x0000000723400000, 0x0000000723400000| Untracked 
| 283|0x0000000723600000, 0x0000000723600000, 0x0000000723800000|  0%| F|  |TAMS 0x0000000723600000, 0x0000000723600000| Untracked 
| 284|0x0000000723800000, 0x0000000723800000, 0x0000000723a00000|  0%| F|  |TAMS 0x0000000723800000, 0x0000000723800000| Untracked 
| 285|0x0000000723a00000, 0x0000000723a00000, 0x0000000723c00000|  0%| F|  |TAMS 0x0000000723a00000, 0x0000000723a00000| Untracked 
| 286|0x0000000723c00000, 0x0000000723c00000, 0x0000000723e00000|  0%| F|  |TAMS 0x0000000723c00000, 0x0000000723c00000| Untracked 
| 287|0x0000000723e00000, 0x0000000723e00000, 0x0000000724000000|  0%| F|  |TAMS 0x0000000723e00000, 0x0000000723e00000| Untracked 
| 288|0x0000000724000000, 0x0000000724000000, 0x0000000724200000|  0%| F|  |TAMS 0x0000000724000000, 0x0000000724000000| Untracked 
| 289|0x0000000724200000, 0x0000000724200000, 0x0000000724400000|  0%| F|  |TAMS 0x0000000724200000, 0x0000000724200000| Untracked 
| 290|0x0000000724400000, 0x0000000724400000, 0x0000000724600000|  0%| F|  |TAMS 0x0000000724400000, 0x0000000724400000| Untracked 
| 291|0x0000000724600000, 0x0000000724600000, 0x0000000724800000|  0%| F|  |TAMS 0x0000000724600000, 0x0000000724600000| Untracked 
| 292|0x0000000724800000, 0x0000000724800000, 0x0000000724a00000|  0%| F|  |TAMS 0x0000000724800000, 0x0000000724800000| Untracked 
| 293|0x0000000724a00000, 0x0000000724a00000, 0x0000000724c00000|  0%| F|  |TAMS 0x0000000724a00000, 0x0000000724a00000| Untracked 
| 294|0x0000000724c00000, 0x0000000724c00000, 0x0000000724e00000|  0%| F|  |TAMS 0x0000000724c00000, 0x0000000724c00000| Untracked 
| 295|0x0000000724e00000, 0x0000000724e00000, 0x0000000725000000|  0%| F|  |TAMS 0x0000000724e00000, 0x0000000724e00000| Untracked 
| 296|0x0000000725000000, 0x0000000725000000, 0x0000000725200000|  0%| F|  |TAMS 0x0000000725000000, 0x0000000725000000| Untracked 
| 297|0x0000000725200000, 0x0000000725200000, 0x0000000725400000|  0%| F|  |TAMS 0x0000000725200000, 0x0000000725200000| Untracked 
| 298|0x0000000725400000, 0x0000000725400000, 0x0000000725600000|  0%| F|  |TAMS 0x0000000725400000, 0x0000000725400000| Untracked 
| 299|0x0000000725600000, 0x0000000725600000, 0x0000000725800000|  0%| F|  |TAMS 0x0000000725600000, 0x0000000725600000| Untracked 
| 300|0x0000000725800000, 0x0000000725800000, 0x0000000725a00000|  0%| F|  |TAMS 0x0000000725800000, 0x0000000725800000| Untracked 
| 301|0x0000000725a00000, 0x0000000725a00000, 0x0000000725c00000|  0%| F|  |TAMS 0x0000000725a00000, 0x0000000725a00000| Untracked 
| 302|0x0000000725c00000, 0x0000000725c00000, 0x0000000725e00000|  0%| F|  |TAMS 0x0000000725c00000, 0x0000000725c00000| Untracked 
| 303|0x0000000725e00000, 0x0000000725e00000, 0x0000000726000000|  0%| F|  |TAMS 0x0000000725e00000, 0x0000000725e00000| Untracked 
| 304|0x0000000726000000, 0x0000000726000000, 0x0000000726200000|  0%| F|  |TAMS 0x0000000726000000, 0x0000000726000000| Untracked 
| 305|0x0000000726200000, 0x0000000726200000, 0x0000000726400000|  0%| F|  |TAMS 0x0000000726200000, 0x0000000726200000| Untracked 
| 306|0x0000000726400000, 0x0000000726400000, 0x0000000726600000|  0%| F|  |TAMS 0x0000000726400000, 0x0000000726400000| Untracked 
| 307|0x0000000726600000, 0x0000000726600000, 0x0000000726800000|  0%| F|  |TAMS 0x0000000726600000, 0x0000000726600000| Untracked 
| 308|0x0000000726800000, 0x0000000726800000, 0x0000000726a00000|  0%| F|  |TAMS 0x0000000726800000, 0x0000000726800000| Untracked 
| 309|0x0000000726a00000, 0x0000000726a00000, 0x0000000726c00000|  0%| F|  |TAMS 0x0000000726a00000, 0x0000000726a00000| Untracked 
| 310|0x0000000726c00000, 0x0000000726c00000, 0x0000000726e00000|  0%| F|  |TAMS 0x0000000726c00000, 0x0000000726c00000| Untracked 
| 311|0x0000000726e00000, 0x0000000726e00000, 0x0000000727000000|  0%| F|  |TAMS 0x0000000726e00000, 0x0000000726e00000| Untracked 
| 312|0x0000000727000000, 0x0000000727000000, 0x0000000727200000|  0%| F|  |TAMS 0x0000000727000000, 0x0000000727000000| Untracked 
| 313|0x0000000727200000, 0x0000000727200000, 0x0000000727400000|  0%| F|  |TAMS 0x0000000727200000, 0x0000000727200000| Untracked 
| 314|0x0000000727400000, 0x0000000727400000, 0x0000000727600000|  0%| F|  |TAMS 0x0000000727400000, 0x0000000727400000| Untracked 
| 315|0x0000000727600000, 0x0000000727600000, 0x0000000727800000|  0%| F|  |TAMS 0x0000000727600000, 0x0000000727600000| Untracked 
| 316|0x0000000727800000, 0x0000000727800000, 0x0000000727a00000|  0%| F|  |TAMS 0x0000000727800000, 0x0000000727800000| Untracked 
| 317|0x0000000727a00000, 0x0000000727a00000, 0x0000000727c00000|  0%| F|  |TAMS 0x0000000727a00000, 0x0000000727a00000| Untracked 
| 318|0x0000000727c00000, 0x0000000727c00000, 0x0000000727e00000|  0%| F|  |TAMS 0x0000000727c00000, 0x0000000727c00000| Untracked 
| 319|0x0000000727e00000, 0x0000000727e00000, 0x0000000728000000|  0%| F|  |TAMS 0x0000000727e00000, 0x0000000727e00000| Untracked 
| 320|0x0000000728000000, 0x0000000728000000, 0x0000000728200000|  0%| F|  |TAMS 0x0000000728000000, 0x0000000728000000| Untracked 
| 321|0x0000000728200000, 0x0000000728200000, 0x0000000728400000|  0%| F|  |TAMS 0x0000000728200000, 0x0000000728200000| Untracked 
| 322|0x0000000728400000, 0x0000000728400000, 0x0000000728600000|  0%| F|  |TAMS 0x0000000728400000, 0x0000000728400000| Untracked 
| 323|0x0000000728600000, 0x0000000728600000, 0x0000000728800000|  0%| F|  |TAMS 0x0000000728600000, 0x0000000728600000| Untracked 
| 324|0x0000000728800000, 0x0000000728800000, 0x0000000728a00000|  0%| F|  |TAMS 0x0000000728800000, 0x0000000728800000| Untracked 
| 325|0x0000000728a00000, 0x0000000728a00000, 0x0000000728c00000|  0%| F|  |TAMS 0x0000000728a00000, 0x0000000728a00000| Untracked 
| 326|0x0000000728c00000, 0x0000000728c00000, 0x0000000728e00000|  0%| F|  |TAMS 0x0000000728c00000, 0x0000000728c00000| Untracked 
| 327|0x0000000728e00000, 0x0000000728e00000, 0x0000000729000000|  0%| F|  |TAMS 0x0000000728e00000, 0x0000000728e00000| Untracked 
| 328|0x0000000729000000, 0x0000000729000000, 0x0000000729200000|  0%| F|  |TAMS 0x0000000729000000, 0x0000000729000000| Untracked 
| 329|0x0000000729200000, 0x0000000729200000, 0x0000000729400000|  0%| F|  |TAMS 0x0000000729200000, 0x0000000729200000| Untracked 
| 330|0x0000000729400000, 0x0000000729400000, 0x0000000729600000|  0%| F|  |TAMS 0x0000000729400000, 0x0000000729400000| Untracked 
| 331|0x0000000729600000, 0x0000000729600000, 0x0000000729800000|  0%| F|  |TAMS 0x0000000729600000, 0x0000000729600000| Untracked 
| 332|0x0000000729800000, 0x0000000729800000, 0x0000000729a00000|  0%| F|  |TAMS 0x0000000729800000, 0x0000000729800000| Untracked 
| 333|0x0000000729a00000, 0x0000000729a00000, 0x0000000729c00000|  0%| F|  |TAMS 0x0000000729a00000, 0x0000000729a00000| Untracked 
| 334|0x0000000729c00000, 0x0000000729c00000, 0x0000000729e00000|  0%| F|  |TAMS 0x0000000729c00000, 0x0000000729c00000| Untracked 
| 335|0x0000000729e00000, 0x0000000729e00000, 0x000000072a000000|  0%| F|  |TAMS 0x0000000729e00000, 0x0000000729e00000| Untracked 
| 336|0x000000072a000000, 0x000000072a000000, 0x000000072a200000|  0%| F|  |TAMS 0x000000072a000000, 0x000000072a000000| Untracked 
| 337|0x000000072a200000, 0x000000072a200000, 0x000000072a400000|  0%| F|  |TAMS 0x000000072a200000, 0x000000072a200000| Untracked 
| 338|0x000000072a400000, 0x000000072a400000, 0x000000072a600000|  0%| F|  |TAMS 0x000000072a400000, 0x000000072a400000| Untracked 
| 339|0x000000072a600000, 0x000000072a600000, 0x000000072a800000|  0%| F|  |TAMS 0x000000072a600000, 0x000000072a600000| Untracked 
| 340|0x000000072a800000, 0x000000072a800000, 0x000000072aa00000|  0%| F|  |TAMS 0x000000072a800000, 0x000000072a800000| Untracked 
| 341|0x000000072aa00000, 0x000000072aa00000, 0x000000072ac00000|  0%| F|  |TAMS 0x000000072aa00000, 0x000000072aa00000| Untracked 
| 342|0x000000072ac00000, 0x000000072ac00000, 0x000000072ae00000|  0%| F|  |TAMS 0x000000072ac00000, 0x000000072ac00000| Untracked 
| 343|0x000000072ae00000, 0x000000072ae00000, 0x000000072b000000|  0%| F|  |TAMS 0x000000072ae00000, 0x000000072ae00000| Untracked 
| 344|0x000000072b000000, 0x000000072b000000, 0x000000072b200000|  0%| F|  |TAMS 0x000000072b000000, 0x000000072b000000| Untracked 
| 345|0x000000072b200000, 0x000000072b200000, 0x000000072b400000|  0%| F|  |TAMS 0x000000072b200000, 0x000000072b200000| Untracked 
| 346|0x000000072b400000, 0x000000072b400000, 0x000000072b600000|  0%| F|  |TAMS 0x000000072b400000, 0x000000072b400000| Untracked 
| 347|0x000000072b600000, 0x000000072b600000, 0x000000072b800000|  0%| F|  |TAMS 0x000000072b600000, 0x000000072b600000| Untracked 
| 348|0x000000072b800000, 0x000000072b800000, 0x000000072ba00000|  0%| F|  |TAMS 0x000000072b800000, 0x000000072b800000| Untracked 
| 349|0x000000072ba00000, 0x000000072ba00000, 0x000000072bc00000|  0%| F|  |TAMS 0x000000072ba00000, 0x000000072ba00000| Untracked 
| 350|0x000000072bc00000, 0x000000072bc00000, 0x000000072be00000|  0%| F|  |TAMS 0x000000072bc00000, 0x000000072bc00000| Untracked 
| 351|0x000000072be00000, 0x000000072be00000, 0x000000072c000000|  0%| F|  |TAMS 0x000000072be00000, 0x000000072be00000| Untracked 
| 352|0x000000072c000000, 0x000000072c000000, 0x000000072c200000|  0%| F|  |TAMS 0x000000072c000000, 0x000000072c000000| Untracked 
| 353|0x000000072c200000, 0x000000072c200000, 0x000000072c400000|  0%| F|  |TAMS 0x000000072c200000, 0x000000072c200000| Untracked 
| 354|0x000000072c400000, 0x000000072c400000, 0x000000072c600000|  0%| F|  |TAMS 0x000000072c400000, 0x000000072c400000| Untracked 
| 355|0x000000072c600000, 0x000000072c600000, 0x000000072c800000|  0%| F|  |TAMS 0x000000072c600000, 0x000000072c600000| Untracked 
| 356|0x000000072c800000, 0x000000072c800000, 0x000000072ca00000|  0%| F|  |TAMS 0x000000072c800000, 0x000000072c800000| Untracked 
| 357|0x000000072ca00000, 0x000000072ca00000, 0x000000072cc00000|  0%| F|  |TAMS 0x000000072ca00000, 0x000000072ca00000| Untracked 
| 358|0x000000072cc00000, 0x000000072cc00000, 0x000000072ce00000|  0%| F|  |TAMS 0x000000072cc00000, 0x000000072cc00000| Untracked 
| 359|0x000000072ce00000, 0x000000072ce00000, 0x000000072d000000|  0%| F|  |TAMS 0x000000072ce00000, 0x000000072ce00000| Untracked 
| 360|0x000000072d000000, 0x000000072d000000, 0x000000072d200000|  0%| F|  |TAMS 0x000000072d000000, 0x000000072d000000| Untracked 
| 361|0x000000072d200000, 0x000000072d200000, 0x000000072d400000|  0%| F|  |TAMS 0x000000072d200000, 0x000000072d200000| Untracked 
| 362|0x000000072d400000, 0x000000072d400000, 0x000000072d600000|  0%| F|  |TAMS 0x000000072d400000, 0x000000072d400000| Untracked 
| 363|0x000000072d600000, 0x000000072d600000, 0x000000072d800000|  0%| F|  |TAMS 0x000000072d600000, 0x000000072d600000| Untracked 
| 364|0x000000072d800000, 0x000000072d800000, 0x000000072da00000|  0%| F|  |TAMS 0x000000072d800000, 0x000000072d800000| Untracked 
| 365|0x000000072da00000, 0x000000072da00000, 0x000000072dc00000|  0%| F|  |TAMS 0x000000072da00000, 0x000000072da00000| Untracked 
| 366|0x000000072dc00000, 0x000000072dc00000, 0x000000072de00000|  0%| F|  |TAMS 0x000000072dc00000, 0x000000072dc00000| Untracked 
| 367|0x000000072de00000, 0x000000072de00000, 0x000000072e000000|  0%| F|  |TAMS 0x000000072de00000, 0x000000072de00000| Untracked 
| 368|0x000000072e000000, 0x000000072e000000, 0x000000072e200000|  0%| F|  |TAMS 0x000000072e000000, 0x000000072e000000| Untracked 
| 369|0x000000072e200000, 0x000000072e200000, 0x000000072e400000|  0%| F|  |TAMS 0x000000072e200000, 0x000000072e200000| Untracked 
| 370|0x000000072e400000, 0x000000072e400000, 0x000000072e600000|  0%| F|  |TAMS 0x000000072e400000, 0x000000072e400000| Untracked 
| 371|0x000000072e600000, 0x000000072e600000, 0x000000072e800000|  0%| F|  |TAMS 0x000000072e600000, 0x000000072e600000| Untracked 
| 372|0x000000072e800000, 0x000000072e800000, 0x000000072ea00000|  0%| F|  |TAMS 0x000000072e800000, 0x000000072e800000| Untracked 
| 373|0x000000072ea00000, 0x000000072ea00000, 0x000000072ec00000|  0%| F|  |TAMS 0x000000072ea00000, 0x000000072ea00000| Untracked 
| 374|0x000000072ec00000, 0x000000072ec00000, 0x000000072ee00000|  0%| F|  |TAMS 0x000000072ec00000, 0x000000072ec00000| Untracked 
| 375|0x000000072ee00000, 0x000000072ee00000, 0x000000072f000000|  0%| F|  |TAMS 0x000000072ee00000, 0x000000072ee00000| Untracked 
| 376|0x000000072f000000, 0x000000072f000000, 0x000000072f200000|  0%| F|  |TAMS 0x000000072f000000, 0x000000072f000000| Untracked 
| 377|0x000000072f200000, 0x000000072f200000, 0x000000072f400000|  0%| F|  |TAMS 0x000000072f200000, 0x000000072f200000| Untracked 
| 378|0x000000072f400000, 0x000000072f400000, 0x000000072f600000|  0%| F|  |TAMS 0x000000072f400000, 0x000000072f400000| Untracked 
| 379|0x000000072f600000, 0x000000072f600000, 0x000000072f800000|  0%| F|  |TAMS 0x000000072f600000, 0x000000072f600000| Untracked 
| 380|0x000000072f800000, 0x000000072f800000, 0x000000072fa00000|  0%| F|  |TAMS 0x000000072f800000, 0x000000072f800000| Untracked 
| 381|0x000000072fa00000, 0x000000072fa00000, 0x000000072fc00000|  0%| F|  |TAMS 0x000000072fa00000, 0x000000072fa00000| Untracked 
| 382|0x000000072fc00000, 0x000000072fc00000, 0x000000072fe00000|  0%| F|  |TAMS 0x000000072fc00000, 0x000000072fc00000| Untracked 
| 383|0x000000072fe00000, 0x000000072fe00000, 0x0000000730000000|  0%| F|  |TAMS 0x000000072fe00000, 0x000000072fe00000| Untracked 
| 384|0x0000000730000000, 0x0000000730000000, 0x0000000730200000|  0%| F|  |TAMS 0x0000000730000000, 0x0000000730000000| Untracked 
| 385|0x0000000730200000, 0x0000000730200000, 0x0000000730400000|  0%| F|  |TAMS 0x0000000730200000, 0x0000000730200000| Untracked 
| 386|0x0000000730400000, 0x0000000730400000, 0x0000000730600000|  0%| F|  |TAMS 0x0000000730400000, 0x0000000730400000| Untracked 
| 387|0x0000000730600000, 0x0000000730600000, 0x0000000730800000|  0%| F|  |TAMS 0x0000000730600000, 0x0000000730600000| Untracked 
| 388|0x0000000730800000, 0x0000000730800000, 0x0000000730a00000|  0%| F|  |TAMS 0x0000000730800000, 0x0000000730800000| Untracked 
| 389|0x0000000730a00000, 0x0000000730a00000, 0x0000000730c00000|  0%| F|  |TAMS 0x0000000730a00000, 0x0000000730a00000| Untracked 
| 390|0x0000000730c00000, 0x0000000730c00000, 0x0000000730e00000|  0%| F|  |TAMS 0x0000000730c00000, 0x0000000730c00000| Untracked 
| 391|0x0000000730e00000, 0x0000000730e00000, 0x0000000731000000|  0%| F|  |TAMS 0x0000000730e00000, 0x0000000730e00000| Untracked 
| 392|0x0000000731000000, 0x0000000731000000, 0x0000000731200000|  0%| F|  |TAMS 0x0000000731000000, 0x0000000731000000| Untracked 
| 393|0x0000000731200000, 0x0000000731200000, 0x0000000731400000|  0%| F|  |TAMS 0x0000000731200000, 0x0000000731200000| Untracked 
| 394|0x0000000731400000, 0x0000000731400000, 0x0000000731600000|  0%| F|  |TAMS 0x0000000731400000, 0x0000000731400000| Untracked 
| 395|0x0000000731600000, 0x0000000731600000, 0x0000000731800000|  0%| F|  |TAMS 0x0000000731600000, 0x0000000731600000| Untracked 
| 396|0x0000000731800000, 0x0000000731800000, 0x0000000731a00000|  0%| F|  |TAMS 0x0000000731800000, 0x0000000731800000| Untracked 
| 397|0x0000000731a00000, 0x0000000731a00000, 0x0000000731c00000|  0%| F|  |TAMS 0x0000000731a00000, 0x0000000731a00000| Untracked 
| 398|0x0000000731c00000, 0x0000000731c00000, 0x0000000731e00000|  0%| F|  |TAMS 0x0000000731c00000, 0x0000000731c00000| Untracked 
| 399|0x0000000731e00000, 0x0000000731e00000, 0x0000000732000000|  0%| F|  |TAMS 0x0000000731e00000, 0x0000000731e00000| Untracked 
| 400|0x0000000732000000, 0x0000000732000000, 0x0000000732200000|  0%| F|  |TAMS 0x0000000732000000, 0x0000000732000000| Untracked 
| 401|0x0000000732200000, 0x0000000732200000, 0x0000000732400000|  0%| F|  |TAMS 0x0000000732200000, 0x0000000732200000| Untracked 
| 402|0x0000000732400000, 0x0000000732400000, 0x0000000732600000|  0%| F|  |TAMS 0x0000000732400000, 0x0000000732400000| Untracked 
| 403|0x0000000732600000, 0x0000000732600000, 0x0000000732800000|  0%| F|  |TAMS 0x0000000732600000, 0x0000000732600000| Untracked 
| 404|0x0000000732800000, 0x0000000732800000, 0x0000000732a00000|  0%| F|  |TAMS 0x0000000732800000, 0x0000000732800000| Untracked 
| 405|0x0000000732a00000, 0x0000000732a00000, 0x0000000732c00000|  0%| F|  |TAMS 0x0000000732a00000, 0x0000000732a00000| Untracked 
| 406|0x0000000732c00000, 0x0000000732c00000, 0x0000000732e00000|  0%| F|  |TAMS 0x0000000732c00000, 0x0000000732c00000| Untracked 
| 407|0x0000000732e00000, 0x0000000732e00000, 0x0000000733000000|  0%| F|  |TAMS 0x0000000732e00000, 0x0000000732e00000| Untracked 
| 408|0x0000000733000000, 0x0000000733000000, 0x0000000733200000|  0%| F|  |TAMS 0x0000000733000000, 0x0000000733000000| Untracked 
| 409|0x0000000733200000, 0x0000000733200000, 0x0000000733400000|  0%| F|  |TAMS 0x0000000733200000, 0x0000000733200000| Untracked 
| 410|0x0000000733400000, 0x0000000733400000, 0x0000000733600000|  0%| F|  |TAMS 0x0000000733400000, 0x0000000733400000| Untracked 
| 411|0x0000000733600000, 0x0000000733600000, 0x0000000733800000|  0%| F|  |TAMS 0x0000000733600000, 0x0000000733600000| Untracked 
| 412|0x0000000733800000, 0x0000000733800000, 0x0000000733a00000|  0%| F|  |TAMS 0x0000000733800000, 0x0000000733800000| Untracked 
| 413|0x0000000733a00000, 0x0000000733a00000, 0x0000000733c00000|  0%| F|  |TAMS 0x0000000733a00000, 0x0000000733a00000| Untracked 
| 414|0x0000000733c00000, 0x0000000733c00000, 0x0000000733e00000|  0%| F|  |TAMS 0x0000000733c00000, 0x0000000733c00000| Untracked 
| 415|0x0000000733e00000, 0x0000000733e00000, 0x0000000734000000|  0%| F|  |TAMS 0x0000000733e00000, 0x0000000733e00000| Untracked 
| 416|0x0000000734000000, 0x0000000734000000, 0x0000000734200000|  0%| F|  |TAMS 0x0000000734000000, 0x0000000734000000| Untracked 
| 417|0x0000000734200000, 0x0000000734200000, 0x0000000734400000|  0%| F|  |TAMS 0x0000000734200000, 0x0000000734200000| Untracked 
| 418|0x0000000734400000, 0x0000000734400000, 0x0000000734600000|  0%| F|  |TAMS 0x0000000734400000, 0x0000000734400000| Untracked 
| 419|0x0000000734600000, 0x0000000734600000, 0x0000000734800000|  0%| F|  |TAMS 0x0000000734600000, 0x0000000734600000| Untracked 
| 420|0x0000000734800000, 0x0000000734800000, 0x0000000734a00000|  0%| F|  |TAMS 0x0000000734800000, 0x0000000734800000| Untracked 
| 421|0x0000000734a00000, 0x0000000734a00000, 0x0000000734c00000|  0%| F|  |TAMS 0x0000000734a00000, 0x0000000734a00000| Untracked 
| 422|0x0000000734c00000, 0x0000000734c00000, 0x0000000734e00000|  0%| F|  |TAMS 0x0000000734c00000, 0x0000000734c00000| Untracked 
| 423|0x0000000734e00000, 0x0000000734e00000, 0x0000000735000000|  0%| F|  |TAMS 0x0000000734e00000, 0x0000000734e00000| Untracked 
| 424|0x0000000735000000, 0x0000000735000000, 0x0000000735200000|  0%| F|  |TAMS 0x0000000735000000, 0x0000000735000000| Untracked 
| 425|0x0000000735200000, 0x0000000735200000, 0x0000000735400000|  0%| F|  |TAMS 0x0000000735200000, 0x0000000735200000| Untracked 
| 426|0x0000000735400000, 0x0000000735400000, 0x0000000735600000|  0%| F|  |TAMS 0x0000000735400000, 0x0000000735400000| Untracked 
| 427|0x0000000735600000, 0x0000000735600000, 0x0000000735800000|  0%| F|  |TAMS 0x0000000735600000, 0x0000000735600000| Untracked 
| 428|0x0000000735800000, 0x0000000735800000, 0x0000000735a00000|  0%| F|  |TAMS 0x0000000735800000, 0x0000000735800000| Untracked 
| 429|0x0000000735a00000, 0x0000000735a00000, 0x0000000735c00000|  0%| F|  |TAMS 0x0000000735a00000, 0x0000000735a00000| Untracked 
| 430|0x0000000735c00000, 0x0000000735c00000, 0x0000000735e00000|  0%| F|  |TAMS 0x0000000735c00000, 0x0000000735c00000| Untracked 
| 431|0x0000000735e00000, 0x0000000735e00000, 0x0000000736000000|  0%| F|  |TAMS 0x0000000735e00000, 0x0000000735e00000| Untracked 
| 432|0x0000000736000000, 0x0000000736000000, 0x0000000736200000|  0%| F|  |TAMS 0x0000000736000000, 0x0000000736000000| Untracked 
| 433|0x0000000736200000, 0x0000000736200000, 0x0000000736400000|  0%| F|  |TAMS 0x0000000736200000, 0x0000000736200000| Untracked 
| 434|0x0000000736400000, 0x0000000736400000, 0x0000000736600000|  0%| F|  |TAMS 0x0000000736400000, 0x0000000736400000| Untracked 
| 435|0x0000000736600000, 0x0000000736600000, 0x0000000736800000|  0%| F|  |TAMS 0x0000000736600000, 0x0000000736600000| Untracked 
| 436|0x0000000736800000, 0x0000000736800000, 0x0000000736a00000|  0%| F|  |TAMS 0x0000000736800000, 0x0000000736800000| Untracked 
| 437|0x0000000736a00000, 0x0000000736a00000, 0x0000000736c00000|  0%| F|  |TAMS 0x0000000736a00000, 0x0000000736a00000| Untracked 
| 438|0x0000000736c00000, 0x0000000736c00000, 0x0000000736e00000|  0%| F|  |TAMS 0x0000000736c00000, 0x0000000736c00000| Untracked 
| 439|0x0000000736e00000, 0x0000000736e00000, 0x0000000737000000|  0%| F|  |TAMS 0x0000000736e00000, 0x0000000736e00000| Untracked 
| 440|0x0000000737000000, 0x0000000737000000, 0x0000000737200000|  0%| F|  |TAMS 0x0000000737000000, 0x0000000737000000| Untracked 
| 441|0x0000000737200000, 0x0000000737200000, 0x0000000737400000|  0%| F|  |TAMS 0x0000000737200000, 0x0000000737200000| Untracked 
| 442|0x0000000737400000, 0x0000000737400000, 0x0000000737600000|  0%| F|  |TAMS 0x0000000737400000, 0x0000000737400000| Untracked 

Card table byte_map: [0x000001cbe3970000,0x000001cbe4170000] _byte_map_base: 0x000001cbe0170000

Marking Bits (Prev, Next): (CMBitMap*) 0x000001cbcc321390, (CMBitMap*) 0x000001cbcc3213d0
 Prev Bits: [0x000001cbe4970000, 0x000001cbe8970000)
 Next Bits: [0x000001cbe8970000, 0x000001cbec970000)

Polling page: 0x000001cbca430000

Metaspace:

Usage:
  Non-class:    108.24 MB used.
      Class:     16.70 MB used.
       Both:    124.94 MB used.

Virtual space:
  Non-class space:      128.00 MB reserved,     108.81 MB ( 85%) committed,  2 nodes.
      Class space:        1.00 GB reserved,      17.19 MB (  2%) committed,  1 nodes.
             Both:        1.12 GB reserved,     126.00 MB ( 11%) committed. 

Chunk freelists:
   Non-Class:  2.91 MB
       Class:  14.66 MB
        Both:  17.57 MB

MaxMetaspaceSize: unlimited
CompressedClassSpaceSize: 1.00 GB
Initial GC threshold: 21.00 MB
Current GC threshold: 210.00 MB
CDS: on
MetaspaceReclaimPolicy: balanced
 - commit_granule_bytes: 65536.
 - commit_granule_words: 8192.
 - virtual_space_node_default_size: 8388608.
 - enlarge_chunks_in_place: 1.
 - new_chunks_are_fully_committed: 0.
 - uncommit_free_chunks: 1.
 - use_allocation_guard: 0.
 - handle_deallocations: 1.


Internal statistics:

num_allocs_failed_limit: 6.
num_arena_births: 1536.
num_arena_deaths: 56.
num_vsnodes_births: 3.
num_vsnodes_deaths: 0.
num_space_committed: 2014.
num_space_uncommitted: 0.
num_chunks_returned_to_freelist: 87.
num_chunks_taken_from_freelist: 6850.
num_chunk_merges: 32.
num_chunk_splits: 4591.
num_chunks_enlarged: 3128.
num_inconsistent_stats: 0.

CodeHeap 'non-profiled nmethods': size=120000Kb used=23809Kb max_used=23809Kb free=96190Kb
 bounds [0x000001cbdb910000, 0x000001cbdd060000, 0x000001cbe2e40000]
CodeHeap 'profiled nmethods': size=120000Kb used=41567Kb max_used=45590Kb free=78432Kb
 bounds [0x000001cbd3e40000, 0x000001cbd6bf0000, 0x000001cbdb370000]
CodeHeap 'non-nmethods': size=5760Kb used=1808Kb max_used=1926Kb free=3951Kb
 bounds [0x000001cbdb370000, 0x000001cbdb5e0000, 0x000001cbdb910000]
 total_blobs=22447 nmethods=21541 adapters=816
 compilation: enabled
              stopped_count=0, restarted_count=0
 full_count=0

Compilation events (20 events):
Event: 166.623 Thread 0x000001cbef5303f0 30733       2       java.lang.Float::floatToIntBits (15 bytes)
Event: 166.623 Thread 0x000001cbef5303f0 nmethod 30733 0x000001cbd4f3ed10 code [0x000001cbd4f3eea0, 0x000001cbd4f3eff8]
Event: 166.672 Thread 0x000001cbf8fc5b20 nmethod 30708 0x000001cbdd04a090 code [0x000001cbdd04a500, 0x000001cbdd04ca88]
Event: 166.672 Thread 0x000001cbf8fc5b20 30709       4       com.android.tools.r8.internal.uc0::c (167 bytes)
Event: 166.683 Thread 0x000001cbef5303f0 30737       2       com.android.tools.r8.ir.optimize.L$$Lambda$3362/0x000001cb820d6b60::apply (8 bytes)
Event: 166.683 Thread 0x000001cbef5303f0 nmethod 30737 0x000001cbd4974990 code [0x000001cbd4974b40, 0x000001cbd4974d58]
Event: 166.683 Thread 0x000001cbef5303f0 30738       2       com.android.tools.r8.ir.optimize.L::a (8 bytes)
Event: 166.683 Thread 0x000001cbef5303f0 nmethod 30738 0x000001cbd4cbda10 code [0x000001cbd4cbdbc0, 0x000001cbd4cbdd78]
Event: 166.683 Thread 0x000001cbef5303f0 30739       2       com.android.tools.r8.ir.optimize.L$$Lambda$3363/0x000001cb820d6d98::test (8 bytes)
Event: 166.684 Thread 0x000001cbef5303f0 nmethod 30739 0x000001cbd444ed10 code [0x000001cbd444eec0, 0x000001cbd444f0d8]
Event: 166.745 Thread 0x000001cbef5303f0 30740       2       org.gradle.internal.execution.caching.CachingState$$Lambda$1963/0x000001cb81cf0878::apply (8 bytes)
Event: 166.746 Thread 0x000001cbef5303f0 nmethod 30740 0x000001cbd4db3610 code [0x000001cbd4db37c0, 0x000001cbd4db39d8]
Event: 166.746 Thread 0x000001cbef5303f0 30741       2       org.gradle.internal.execution.caching.CachingState$Disabled::getCacheKeyCalculatedState (8 bytes)
Event: 166.746 Thread 0x000001cbef5303f0 nmethod 30741 0x000001cbd563b190 code [0x000001cbd563b340, 0x000001cbd563b518]
Event: 166.764 Thread 0x000001cbef5303f0 30743       3       com.android.tools.r8.internal.af::a (114 bytes)
Event: 166.766 Thread 0x000001cbef5303f0 nmethod 30743 0x000001cbd4241290 code [0x000001cbd42415a0, 0x000001cbd42423c8]
Event: 166.772 Thread 0x000001cbef5303f0 30746       2       com.android.tools.r8.internal.UU::a (4 bytes)
Event: 166.772 Thread 0x000001cbef5303f0 nmethod 30746 0x000001cbd5156310 code [0x000001cbd51564a0, 0x000001cbd51565b8]
Event: 166.799 Thread 0x000001cbf8fc5b20 nmethod 30709 0x000001cbdd04ed90 code [0x000001cbdd04f100, 0x000001cbdd051688]
Event: 166.801 Thread 0x000001cbf8fc5b20 30736       4       org.apache.commons.compress.archivers.tar.TarUtils::formatNameBytes (109 bytes)

GC Heap History (20 events):
Event: 156.076 GC heap after
{Heap after GC invocations=171 (full 0):
 garbage-first heap   total 641024K, used 378421K [0x0000000700000000, 0x0000000800000000)
  region size 2048K, 10 young (20480K), 10 survivors (20480K)
 Metaspace       used 127947K, committed 128960K, reserved 1179648K
  class space    used 17111K, committed 17600K, reserved 1048576K
}
Event: 156.537 GC heap before
{Heap before GC invocations=171 (full 0):
 garbage-first heap   total 641024K, used 552501K [0x0000000700000000, 0x0000000800000000)
  region size 2048K, 95 young (194560K), 10 survivors (20480K)
 Metaspace       used 127958K, committed 128960K, reserved 1179648K
  class space    used 17111K, committed 17600K, reserved 1048576K
}
Event: 156.558 GC heap after
{Heap after GC invocations=172 (full 0):
 garbage-first heap   total 641024K, used 389803K [0x0000000700000000, 0x0000000800000000)
  region size 2048K, 7 young (14336K), 7 survivors (14336K)
 Metaspace       used 127958K, committed 128960K, reserved 1179648K
  class space    used 17111K, committed 17600K, reserved 1048576K
}
Event: 157.091 GC heap before
{Heap before GC invocations=172 (full 0):
 garbage-first heap   total 641024K, used 549547K [0x0000000700000000, 0x0000000800000000)
  region size 2048K, 85 young (174080K), 7 survivors (14336K)
 Metaspace       used 127959K, committed 128960K, reserved 1179648K
  class space    used 17111K, committed 17600K, reserved 1048576K
}
Event: 157.115 GC heap after
{Heap after GC invocations=173 (full 0):
 garbage-first heap   total 641024K, used 410299K [0x0000000700000000, 0x0000000800000000)
  region size 2048K, 11 young (22528K), 11 survivors (22528K)
 Metaspace       used 127959K, committed 128960K, reserved 1179648K
  class space    used 17111K, committed 17600K, reserved 1048576K
}
Event: 157.340 GC heap before
{Heap before GC invocations=173 (full 0):
 garbage-first heap   total 641024K, used 543419K [0x0000000700000000, 0x0000000800000000)
  region size 2048K, 76 young (155648K), 11 survivors (22528K)
 Metaspace       used 127960K, committed 128960K, reserved 1179648K
  class space    used 17111K, committed 17600K, reserved 1048576K
}
Event: 157.364 GC heap after
{Heap after GC invocations=174 (full 0):
 garbage-first heap   total 641024K, used 423848K [0x0000000700000000, 0x0000000800000000)
  region size 2048K, 7 young (14336K), 7 survivors (14336K)
 Metaspace       used 127960K, committed 128960K, reserved 1179648K
  class space    used 17111K, committed 17600K, reserved 1048576K
}
Event: 157.762 GC heap before
{Heap before GC invocations=174 (full 0):
 garbage-first heap   total 641024K, used 546728K [0x0000000700000000, 0x0000000800000000)
  region size 2048K, 67 young (137216K), 7 survivors (14336K)
 Metaspace       used 127962K, committed 128960K, reserved 1179648K
  class space    used 17111K, committed 17600K, reserved 1048576K
}
Event: 157.777 GC heap after
{Heap after GC invocations=175 (full 0):
 garbage-first heap   total 641024K, used 431850K [0x0000000700000000, 0x0000000800000000)
  region size 2048K, 5 young (10240K), 5 survivors (10240K)
 Metaspace       used 127962K, committed 128960K, reserved 1179648K
  class space    used 17111K, committed 17600K, reserved 1048576K
}
Event: 157.990 GC heap before
{Heap before GC invocations=175 (full 0):
 garbage-first heap   total 641024K, used 546538K [0x0000000700000000, 0x0000000800000000)
  region size 2048K, 61 young (124928K), 5 survivors (10240K)
 Metaspace       used 127965K, committed 128960K, reserved 1179648K
  class space    used 17111K, committed 17600K, reserved 1048576K
}
Event: 158.044 GC heap after
{Heap after GC invocations=176 (full 0):
 garbage-first heap   total 907264K, used 437591K [0x0000000700000000, 0x0000000800000000)
  region size 2048K, 8 young (16384K), 8 survivors (16384K)
 Metaspace       used 127965K, committed 128960K, reserved 1179648K
  class space    used 17111K, committed 17600K, reserved 1048576K
}
Event: 160.758 GC heap before
{Heap before GC invocations=176 (full 0):
 garbage-first heap   total 907264K, used 750935K [0x0000000700000000, 0x0000000800000000)
  region size 2048K, 162 young (331776K), 8 survivors (16384K)
 Metaspace       used 127967K, committed 128960K, reserved 1179648K
  class space    used 17111K, committed 17600K, reserved 1048576K
}
Event: 160.793 GC heap after
{Heap after GC invocations=177 (full 0):
 garbage-first heap   total 907264K, used 440019K [0x0000000700000000, 0x0000000800000000)
  region size 2048K, 9 young (18432K), 9 survivors (18432K)
 Metaspace       used 127967K, committed 128960K, reserved 1179648K
  class space    used 17111K, committed 17600K, reserved 1048576K
}
Event: 163.706 GC heap before
{Heap before GC invocations=178 (full 0):
 garbage-first heap   total 907264K, used 741075K [0x0000000700000000, 0x0000000800000000)
  region size 2048K, 172 young (352256K), 9 survivors (18432K)
 Metaspace       used 127931K, committed 129024K, reserved 1179648K
  class space    used 17100K, committed 17600K, reserved 1048576K
}
Event: 163.848 GC heap after
{Heap after GC invocations=179 (full 0):
 garbage-first heap   total 907264K, used 411199K [0x0000000700000000, 0x0000000800000000)
  region size 2048K, 10 young (20480K), 10 survivors (20480K)
 Metaspace       used 127931K, committed 129024K, reserved 1179648K
  class space    used 17100K, committed 17600K, reserved 1048576K
}
Event: 163.925 GC heap before
{Heap before GC invocations=179 (full 0):
 garbage-first heap   total 907264K, used 433727K [0x0000000700000000, 0x0000000800000000)
  region size 2048K, 22 young (45056K), 10 survivors (20480K)
 Metaspace       used 127931K, committed 129024K, reserved 1179648K
  class space    used 17100K, committed 17600K, reserved 1048576K
}
Event: 164.054 GC heap after
{Heap after GC invocations=180 (full 0):
 garbage-first heap   total 907264K, used 322079K [0x0000000700000000, 0x0000000800000000)
  region size 2048K, 3 young (6144K), 3 survivors (6144K)
 Metaspace       used 127931K, committed 129024K, reserved 1179648K
  class space    used 17100K, committed 17600K, reserved 1048576K
}
Event: 164.279 GC heap before
{Heap before GC invocations=180 (full 0):
 garbage-first heap   total 907264K, used 360991K [0x0000000700000000, 0x0000000800000000)
  region size 2048K, 22 young (45056K), 3 survivors (6144K)
 Metaspace       used 127931K, committed 129024K, reserved 1179648K
  class space    used 17100K, committed 17600K, reserved 1048576K
}
Event: 164.318 GC heap after
{Heap after GC invocations=181 (full 0):
 garbage-first heap   total 907264K, used 288374K [0x0000000700000000, 0x0000000800000000)
  region size 2048K, 1 young (2048K), 1 survivors (2048K)
 Metaspace       used 127931K, committed 129024K, reserved 1179648K
  class space    used 17100K, committed 17600K, reserved 1048576K
}
Event: 166.831 GC heap before
{Heap before GC invocations=181 (full 0):
 garbage-first heap   total 907264K, used 779894K [0x0000000700000000, 0x0000000800000000)
  region size 2048K, 241 young (493568K), 1 survivors (2048K)
 Metaspace       used 127934K, committed 129024K, reserved 1179648K
  class space    used 17100K, committed 17600K, reserved 1048576K
}

Dll operation events (15 events):
Event: 0.010 Loaded shared library D:\good-drivers-defender\jdk17\jdk-17.0.19+10\bin\java.dll
Event: 0.027 Loaded shared library D:\good-drivers-defender\jdk17\jdk-17.0.19+10\bin\jsvml.dll
Event: 0.091 Loaded shared library D:\good-drivers-defender\jdk17\jdk-17.0.19+10\bin\zip.dll
Event: 0.094 Loaded shared library D:\good-drivers-defender\jdk17\jdk-17.0.19+10\bin\instrument.dll
Event: 0.099 Loaded shared library D:\good-drivers-defender\jdk17\jdk-17.0.19+10\bin\net.dll
Event: 0.100 Loaded shared library D:\good-drivers-defender\jdk17\jdk-17.0.19+10\bin\nio.dll
Event: 0.104 Loaded shared library D:\good-drivers-defender\jdk17\jdk-17.0.19+10\bin\zip.dll
Event: 0.463 Loaded shared library D:\good-drivers-defender\jdk17\jdk-17.0.19+10\bin\jimage.dll
Event: 0.683 Loaded shared library D:\good-drivers-defender\jdk17\jdk-17.0.19+10\bin\verify.dll
Event: 0.728 Loaded shared library C:\Users\fucktrumpandrednecks\.gradle\native\660c5614fbf4a5f2a75b1949f50a0caf5cd603558e7d8a26e50b933a0cfb79d1\windows-amd64\native-platform.dll
Event: 0.752 Loaded shared library C:\Users\fucktrumpandrednecks\.gradle\native\0.2.8\x86_64-windows-gnu\gradle-fileevents.dll
Event: 2.466 Loaded shared library D:\good-drivers-defender\jdk17\jdk-17.0.19+10\bin\management.dll
Event: 2.467 Loaded shared library D:\good-drivers-defender\jdk17\jdk-17.0.19+10\bin\management_ext.dll
Event: 2.734 Loaded shared library D:\good-drivers-defender\jdk17\jdk-17.0.19+10\bin\extnet.dll
Event: 3.235 Loaded shared library D:\good-drivers-defender\jdk17\jdk-17.0.19+10\bin\sunmscapi.dll

Deoptimization events (20 events):
Event: 166.139 Thread 0x000001cbfb406610 DEOPT PACKING pc=0x000001cbd6a1ea3a sp=0x000000c2895f9a30
Event: 166.139 Thread 0x000001cbfb406610 DEOPT UNPACKING pc=0x000001cbdb3c7143 sp=0x000000c2895f8fc0 mode 0
Event: 166.171 Thread 0x000001cbfb406610 DEOPT PACKING pc=0x000001cbd6abc973 sp=0x000000c2895f9070
Event: 166.171 Thread 0x000001cbfb406610 DEOPT UNPACKING pc=0x000001cbdb3c7143 sp=0x000000c2895f8900 mode 0
Event: 166.598 Thread 0x000001cbf7d2d7f0 DEOPT PACKING pc=0x000001cbd6abc973 sp=0x000000c28daf4c80
Event: 166.598 Thread 0x000001cbf7d2d7f0 DEOPT UNPACKING pc=0x000001cbdb3c7143 sp=0x000000c28daf4510 mode 0
Event: 166.599 Thread 0x000001cbf7d2d7f0 DEOPT PACKING pc=0x000001cbd6abc37d sp=0x000000c28daf4ba0
Event: 166.599 Thread 0x000001cbf7d2d7f0 DEOPT UNPACKING pc=0x000001cbdb3c7143 sp=0x000000c28daf4450 mode 0
Event: 166.602 Thread 0x000001cbf7d2d7f0 DEOPT PACKING pc=0x000001cbd6a820ee sp=0x000000c28daf4b50
Event: 166.602 Thread 0x000001cbf7d2d7f0 DEOPT UNPACKING pc=0x000001cbdb3c7143 sp=0x000000c28daf4448 mode 0
Event: 166.603 Thread 0x000001cbfb406610 Uncommon trap: trap_request=0xffffffc6 fr.pc=0x000001cbdcd607dc relative=0x000000000000045c
Event: 166.603 Thread 0x000001cbfb406610 Uncommon trap: reason=bimorphic_or_optimized_type_check action=maybe_recompile pc=0x000001cbdcd607dc method=com.android.tools.r8.internal.g9.a(ILcom/android/tools/r8/internal/Mq;Lcom/android/tools/r8/internal/Gx;)V @ 174 c2
Event: 166.603 Thread 0x000001cbfb406610 DEOPT PACKING pc=0x000001cbdcd607dc sp=0x000000c2895f97b0
Event: 166.603 Thread 0x000001cbfb406610 DEOPT UNPACKING pc=0x000001cbdb3c69a3 sp=0x000000c2895f96d0 mode 2
Event: 166.622 Thread 0x000001cbfb406b20 DEOPT PACKING pc=0x000001cbd6abc2d2 sp=0x000000c28f9f94e0
Event: 166.622 Thread 0x000001cbfb406b20 DEOPT UNPACKING pc=0x000001cbdb3c7143 sp=0x000000c28f9f8d70 mode 0
Event: 166.696 Thread 0x000001cbfb406b20 DEOPT PACKING pc=0x000001cbd6abc999 sp=0x000000c28f9f8ff0
Event: 166.696 Thread 0x000001cbfb406b20 DEOPT UNPACKING pc=0x000001cbdb3c7143 sp=0x000000c28f9f8890 mode 0
Event: 166.701 Thread 0x000001cbfb406b20 DEOPT PACKING pc=0x000001cbd627436c sp=0x000000c28f9f8f90
Event: 166.701 Thread 0x000001cbfb406b20 DEOPT UNPACKING pc=0x000001cbdb3c7143 sp=0x000000c28f9f8888 mode 0

Classes loaded (20 events):
Event: 109.545 Loading class java/util/concurrent/ConcurrentLinkedQueue$Itr
Event: 109.546 Loading class java/util/concurrent/ConcurrentLinkedQueue$Itr done
Event: 111.249 Loading class java/util/IdentityHashMap$EntrySpliterator
Event: 111.250 Loading class java/util/IdentityHashMap$IdentityHashMapSpliterator
Event: 111.250 Loading class java/util/IdentityHashMap$IdentityHashMapSpliterator done
Event: 111.250 Loading class java/util/IdentityHashMap$EntrySpliterator done
Event: 111.292 Loading class java/util/SortedSet$1
Event: 111.292 Loading class java/util/SortedSet$1 done
Event: 111.313 Loading class java/util/PriorityQueue
Event: 111.314 Loading class java/util/PriorityQueue done
Event: 111.331 Loading class java/util/IdentityHashMap$ValueIterator
Event: 111.332 Loading class java/util/IdentityHashMap$ValueIterator done
Event: 113.790 Loading class java/util/AbstractMap$SimpleEntry
Event: 113.799 Loading class java/util/AbstractMap$SimpleEntry done
Event: 114.840 Loading class java/nio/ShortBuffer
Event: 114.845 Loading class java/nio/ShortBuffer done
Event: 114.945 Loading class java/nio/ByteBufferAsShortBufferL
Event: 114.953 Loading class java/nio/ByteBufferAsShortBufferL done
Event: 115.032 Loading class java/util/zip/Adler32
Event: 115.033 Loading class java/util/zip/Adler32 done

Classes unloaded (20 events):
Event: 161.464 Thread 0x000001cbeefb3560 Unloading class 0x000001cb8204e000 'java/lang/invoke/LambdaForm$MH+0x000001cb8204e000'
Event: 161.464 Thread 0x000001cbeefb3560 Unloading class 0x000001cb8204dc00 'java/lang/invoke/LambdaForm$DMH+0x000001cb8204dc00'
Event: 161.464 Thread 0x000001cbeefb3560 Unloading class 0x000001cb8204d400 'java/lang/invoke/LambdaForm$DMH+0x000001cb8204d400'
Event: 161.464 Thread 0x000001cbeefb3560 Unloading class 0x000001cb8204d000 'java/lang/invoke/LambdaForm$DMH+0x000001cb8204d000'
Event: 161.465 Thread 0x000001cbeefb3560 Unloading class 0x000001cb8204cc00 'java/lang/invoke/LambdaForm$DMH+0x000001cb8204cc00'
Event: 161.465 Thread 0x000001cbeefb3560 Unloading class 0x000001cb8204c800 'java/lang/invoke/LambdaForm$DMH+0x000001cb8204c800'
Event: 161.465 Thread 0x000001cbeefb3560 Unloading class 0x000001cb8204c400 'java/lang/invoke/LambdaForm$DMH+0x000001cb8204c400'
Event: 161.465 Thread 0x000001cbeefb3560 Unloading class 0x000001cb81fb1c00 'java/lang/invoke/LambdaForm$DMH+0x000001cb81fb1c00'
Event: 161.465 Thread 0x000001cbeefb3560 Unloading class 0x000001cb81fb1000 'java/lang/invoke/LambdaForm$DMH+0x000001cb81fb1000'
Event: 161.465 Thread 0x000001cbeefb3560 Unloading class 0x000001cb81fb1800 'java/lang/invoke/LambdaForm$DMH+0x000001cb81fb1800'
Event: 161.465 Thread 0x000001cbeefb3560 Unloading class 0x000001cb81fb0800 'java/lang/invoke/LambdaForm$DMH+0x000001cb81fb0800'
Event: 161.465 Thread 0x000001cbeefb3560 Unloading class 0x000001cb81fb0c00 'java/lang/invoke/LambdaForm$DMH+0x000001cb81fb0c00'
Event: 161.465 Thread 0x000001cbeefb3560 Unloading class 0x000001cb81fb0000 'java/lang/invoke/LambdaForm$DMH+0x000001cb81fb0000'
Event: 161.465 Thread 0x000001cbeefb3560 Unloading class 0x000001cb81f4cc00 'java/lang/invoke/LambdaForm$DMH+0x000001cb81f4cc00'
Event: 161.465 Thread 0x000001cbeefb3560 Unloading class 0x000001cb81f4c400 'java/lang/invoke/LambdaForm$DMH+0x000001cb81f4c400'
Event: 161.465 Thread 0x000001cbeefb3560 Unloading class 0x000001cb81f4c000 'java/lang/invoke/LambdaForm$DMH+0x000001cb81f4c000'
Event: 161.465 Thread 0x000001cbeefb3560 Unloading class 0x000001cb81f08800 'java/lang/invoke/LambdaForm$DMH+0x000001cb81f08800'
Event: 161.465 Thread 0x000001cbeefb3560 Unloading class 0x000001cb81f08000 'java/lang/invoke/LambdaForm$DMH+0x000001cb81f08000'
Event: 161.465 Thread 0x000001cbeefb3560 Unloading class 0x000001cb81ef4000 'java/lang/invoke/LambdaForm$DMH+0x000001cb81ef4000'
Event: 161.465 Thread 0x000001cbeefb3560 Unloading class 0x000001cb81ef4400 'java/lang/invoke/LambdaForm$DMH+0x000001cb81ef4400'

Classes redefined (0 events):
No events

Internal exceptions (20 events):
Event: 156.963 Thread 0x000001cbfb406100 Exception <a 'sun/nio/fs/WindowsException'{0x00000007209da380}> (0x00000007209da380) 
thrown [s\src\hotspot\share\prims\jni.cpp, line 516]
Event: 157.680 Thread 0x000001cbfb406100 Exception <a 'sun/nio/fs/WindowsException'{0x0000000721567950}> (0x0000000721567950) 
thrown [s\src\hotspot\share\prims\jni.cpp, line 516]
Event: 157.876 Thread 0x000001cbfb406100 Exception <a 'sun/nio/fs/WindowsException'{0x0000000725e52340}> (0x0000000725e52340) 
thrown [s\src\hotspot\share\prims\jni.cpp, line 516]
Event: 157.894 Thread 0x000001cbfb406100 Exception <a 'sun/nio/fs/WindowsException'{0x0000000724056608}> (0x0000000724056608) 
thrown [s\src\hotspot\share\prims\jni.cpp, line 516]
Event: 163.535 Thread 0x000001cbfb406610 Exception <a 'sun/nio/fs/WindowsException'{0x00000007257eb130}> (0x00000007257eb130) 
thrown [s\src\hotspot\share\prims\jni.cpp, line 516]
Event: 163.630 Thread 0x000001cbfb406610 Exception <a 'sun/nio/fs/WindowsException'{0x00000007245d7640}> (0x00000007245d7640) 
thrown [s\src\hotspot\share\prims\jni.cpp, line 516]
Event: 164.070 Thread 0x000001cbfb406610 Exception <a 'sun/nio/fs/WindowsException'{0x0000000737480b10}> (0x0000000737480b10) 
thrown [s\src\hotspot\share\prims\jni.cpp, line 516]
Event: 164.220 Thread 0x000001cbfb406100 Exception <a 'sun/nio/fs/WindowsException'{0x0000000736388510}> (0x0000000736388510) 
thrown [s\src\hotspot\share\prims\jni.cpp, line 516]
Event: 164.254 Thread 0x000001cbfb406610 Exception <a 'sun/nio/fs/WindowsException'{0x0000000735ee4450}> (0x0000000735ee4450) 
thrown [s\src\hotspot\share\prims\jni.cpp, line 516]
Event: 164.494 Thread 0x000001cbfb406100 Exception <a 'sun/nio/fs/WindowsException'{0x000000073583b280}> (0x000000073583b280) 
thrown [s\src\hotspot\share\prims\jni.cpp, line 516]
Event: 164.567 Thread 0x000001cbfb406100 Exception <a 'sun/nio/fs/WindowsException'{0x000000073586c250}> (0x000000073586c250) 
thrown [s\src\hotspot\share\prims\jni.cpp, line 516]
Event: 164.653 Thread 0x000001cbfb406100 Exception <a 'sun/nio/fs/WindowsException'{0x000000073589c800}> (0x000000073589c800) 
thrown [s\src\hotspot\share\prims\jni.cpp, line 516]
Event: 164.819 Thread 0x000001cbfb406610 Exception <a 'sun/nio/fs/WindowsException'{0x0000000726fbcca0}> (0x0000000726fbcca0) 
thrown [s\src\hotspot\share\prims\jni.cpp, line 516]
Event: 165.003 Thread 0x000001cbfb406610 Exception <a 'sun/nio/fs/WindowsException'{0x0000000723f08128}> (0x0000000723f08128) 
thrown [s\src\hotspot\share\prims\jni.cpp, line 516]
Event: 165.051 Thread 0x000001cbfb406610 Exception <a 'sun/nio/fs/WindowsException'{0x0000000723f39690}> (0x0000000723f39690) 
thrown [s\src\hotspot\share\prims\jni.cpp, line 516]
Event: 165.099 Thread 0x000001cbfb406610 Exception <a 'sun/nio/fs/WindowsException'{0x0000000723f69ea8}> (0x0000000723f69ea8) 
thrown [s\src\hotspot\share\prims\jni.cpp, line 516]
Event: 166.626 Thread 0x000001cbfb406100 Exception <a 'sun/nio/fs/WindowsException'{0x000000071b3ec2a0}> (0x000000071b3ec2a0) 
thrown [s\src\hotspot\share\prims\jni.cpp, line 516]
Event: 166.688 Thread 0x000001cbfb406100 Exception <a 'sun/nio/fs/WindowsException'{0x000000071ae2be40}> (0x000000071ae2be40) 
thrown [s\src\hotspot\share\prims\jni.cpp, line 516]
Event: 166.733 Thread 0x000001cbfb406100 Exception <a 'sun/nio/fs/WindowsException'{0x000000071ae5d090}> (0x000000071ae5d090) 
thrown [s\src\hotspot\share\prims\jni.cpp, line 516]
Event: 166.751 Thread 0x000001cbfb406100 Exception <a 'sun/nio/fs/WindowsException'{0x000000071ae8da78}> (0x000000071ae8da78) 
thrown [s\src\hotspot\share\prims\jni.cpp, line 516]

VM Operations (20 events):
Event: 162.197 Executing VM operation: G1PauseRemark done
Event: 163.210 Executing VM operation: Cleanup
Event: 163.395 Executing VM operation: Cleanup done
Event: 163.459 Executing VM operation: G1PauseCleanup
Event: 163.504 Executing VM operation: G1PauseCleanup done
Event: 163.663 Executing VM operation: G1CollectForAllocation
Event: 163.849 Executing VM operation: G1CollectForAllocation done
Event: 163.903 Executing VM operation: G1CollectForAllocation
Event: 164.054 Executing VM operation: G1CollectForAllocation done
Event: 164.082 Executing VM operation: HandshakeAllThreads
Event: 164.095 Executing VM operation: HandshakeAllThreads done
Event: 164.279 Executing VM operation: G1CollectForAllocation
Event: 164.318 Executing VM operation: G1CollectForAllocation done
Event: 164.483 Executing VM operation: HandshakeAllThreads
Event: 164.520 Executing VM operation: HandshakeAllThreads done
Event: 165.135 Executing VM operation: HandshakeAllThreads
Event: 165.137 Executing VM operation: HandshakeAllThreads done
Event: 166.146 Executing VM operation: Cleanup
Event: 166.161 Executing VM operation: Cleanup done
Event: 166.830 Executing VM operation: G1CollectForAllocation

Memory protections (0 events):
No events

Nmethod flushes (20 events):
Event: 165.197 Thread 0x000001cbef53b4e0 flushing  nmethod 0x000001cbd695cc90
Event: 165.197 Thread 0x000001cbef53b4e0 flushing  nmethod 0x000001cbd695f910
Event: 165.197 Thread 0x000001cbef53b4e0 flushing  nmethod 0x000001cbd6969090
Event: 165.197 Thread 0x000001cbef53b4e0 flushing  nmethod 0x000001cbd6969510
Event: 165.197 Thread 0x000001cbef53b4e0 flushing  nmethod 0x000001cbd696e910
Event: 165.197 Thread 0x000001cbef53b4e0 flushing  nmethod 0x000001cbd696ec90
Event: 165.197 Thread 0x000001cbef53b4e0 flushing  nmethod 0x000001cbd697fb10
Event: 165.197 Thread 0x000001cbef53b4e0 flushing  nmethod 0x000001cbd6980290
Event: 165.197 Thread 0x000001cbef53b4e0 flushing  nmethod 0x000001cbd6985990
Event: 165.197 Thread 0x000001cbef53b4e0 flushing  nmethod 0x000001cbd698a410
Event: 165.197 Thread 0x000001cbef53b4e0 flushing  nmethod 0x000001cbd69c8c90
Event: 165.197 Thread 0x000001cbef53b4e0 flushing  nmethod 0x000001cbd69dcc10
Event: 165.197 Thread 0x000001cbef53b4e0 flushing  nmethod 0x000001cbd69f6290
Event: 165.198 Thread 0x000001cbef53b4e0 flushing  nmethod 0x000001cbd69fb610
Event: 165.198 Thread 0x000001cbef53b4e0 flushing  nmethod 0x000001cbd6a67b10
Event: 165.198 Thread 0x000001cbef53b4e0 flushing  nmethod 0x000001cbd6a8e910
Event: 165.198 Thread 0x000001cbef53b4e0 flushing  nmethod 0x000001cbd6a8ec90
Event: 165.198 Thread 0x000001cbef53b4e0 flushing  nmethod 0x000001cbd6a8f590
Event: 165.198 Thread 0x000001cbef53b4e0 flushing  nmethod 0x000001cbd6a8ff90
Event: 165.198 Thread 0x000001cbef53b4e0 flushing  nmethod 0x000001cbd6a95e90

Events (20 events):
Event: 84.746 Thread 0x000001cbfb431b40 Thread exited: 0x000001cbfb431b40
Event: 86.816 Thread 0x000001cbef527a20 Thread added: 0x000001cbfb431b40
Event: 88.791 Thread 0x000001cbfb431b40 Thread exited: 0x000001cbfb431b40
Event: 92.879 Thread 0x000001cbef5303f0 Thread added: 0x000001cbfb432b30
Event: 104.584 Thread 0x000001cbfb432b30 Thread exited: 0x000001cbfb432b30
Event: 105.082 Thread 0x000001cbef5303f0 Thread added: 0x000001cbfb430600
Event: 106.275 Thread 0x000001cbf7d30580 Thread added: 0x000001cbfb403d90
Event: 106.276 Thread 0x000001cbf7d30580 Thread added: 0x000001cbfb401a20
Event: 106.276 Thread 0x000001cbf7d30580 Thread added: 0x000001cbfb407540
Event: 107.132 Thread 0x000001cbfb430600 Thread exited: 0x000001cbfb430600
Event: 107.941 Thread 0x000001cbf7d2d7f0 Thread added: 0x000001cbfb406610
Event: 107.945 Thread 0x000001cbf7d2d7f0 Thread added: 0x000001cbfb406100
Event: 107.946 Thread 0x000001cbf7d2d7f0 Thread added: 0x000001cbfb406b20
Event: 107.951 Thread 0x000001cbef527a20 Thread added: 0x000001cbfb432b30
Event: 108.312 Thread 0x000001cbfb432b30 Thread exited: 0x000001cbfb432b30
Event: 109.339 Thread 0x000001cbef527a20 Thread added: 0x000001cbfb430600
Event: 109.519 Thread 0x000001cbef5303f0 Thread added: 0x000001cbfb4335d0
Event: 160.796 Thread 0x000001cbfb4335d0 Thread exited: 0x000001cbfb4335d0
Event: 165.990 Thread 0x000001cbfb430600 Thread exited: 0x000001cbfb430600
Event: 166.584 Thread 0x000001cbef5303f0 Thread added: 0x000001cbf8fc5b20


Dynamic libraries:
0x00007ff78f710000 - 0x00007ff78f71e000 	D:\good-drivers-defender\jdk17\jdk-17.0.19+10\bin\java.exe
0x00007ffe0d050000 - 0x00007ffe0d248000 	C:\Windows\SYSTEM32\ntdll.dll
0x00007ffe0bf30000 - 0x00007ffe0bff2000 	C:\Windows\System32\KERNEL32.DLL
0x00007ffe0aaa0000 - 0x00007ffe0ad96000 	C:\Windows\System32\KERNELBASE.dll
0x00007ffe0af40000 - 0x00007ffe0b040000 	C:\Windows\System32\ucrtbase.dll
0x00007ffdfa630000 - 0x00007ffdfa648000 	D:\good-drivers-defender\jdk17\jdk-17.0.19+10\bin\jli.dll
0x00007ffdfa660000 - 0x00007ffdfa67e000 	D:\good-drivers-defender\jdk17\jdk-17.0.19+10\bin\VCRUNTIME140.dll
0x00007ffe0b590000 - 0x00007ffe0b731000 	C:\Windows\System32\USER32.dll
0x00007ffdfd230000 - 0x00007ffdfd4cb000 	C:\Windows\WinSxS\amd64_microsoft.windows.common-controls_6595b64144ccf1df_6.0.19041.6456_none_60b8a6cb71f64256\COMCTL32.dll
0x00007ffe0ada0000 - 0x00007ffe0adc2000 	C:\Windows\System32\win32u.dll
0x00007ffe0c800000 - 0x00007ffe0c89e000 	C:\Windows\System32\msvcrt.dll
0x00007ffe0c7d0000 - 0x00007ffe0c7fb000 	C:\Windows\System32\GDI32.dll
0x00007ffe0ae20000 - 0x00007ffe0af39000 	C:\Windows\System32\gdi32full.dll
0x00007ffe0a770000 - 0x00007ffe0a80d000 	C:\Windows\System32\msvcp_win.dll
0x00007ffe0bf00000 - 0x00007ffe0bf2f000 	C:\Windows\System32\IMM32.DLL
0x00007ffe07460000 - 0x00007ffe0746c000 	D:\good-drivers-defender\jdk17\jdk-17.0.19+10\bin\vcruntime140_1.dll
0x00007ffde7ee0000 - 0x00007ffde7f6d000 	D:\good-drivers-defender\jdk17\jdk-17.0.19+10\bin\msvcp140.dll
0x00007ffdb5fe0000 - 0x00007ffdb6c4c000 	D:\good-drivers-defender\jdk17\jdk-17.0.19+10\bin\server\jvm.dll
0x00007ffe0ca60000 - 0x00007ffe0cb11000 	C:\Windows\System32\ADVAPI32.dll
0x00007ffe0bad0000 - 0x00007ffe0bb6f000 	C:\Windows\System32\sechost.dll
0x00007ffe0b3c0000 - 0x00007ffe0b4e0000 	C:\Windows\System32\RPCRT4.dll
0x00007ffe0b040000 - 0x00007ffe0b067000 	C:\Windows\System32\bcrypt.dll
0x00007ffe0b740000 - 0x00007ffe0b7ab000 	C:\Windows\System32\WS2_32.dll
0x00007ffe0a540000 - 0x00007ffe0a58b000 	C:\Windows\SYSTEM32\POWRPROF.dll
0x00007ffe037d0000 - 0x00007ffe037da000 	C:\Windows\SYSTEM32\VERSION.dll
0x00007ffe01c60000 - 0x00007ffe01c87000 	C:\Windows\SYSTEM32\WINMM.dll
0x00007ffe0a520000 - 0x00007ffe0a532000 	C:\Windows\SYSTEM32\UMPDC.dll
0x00007ffe08530000 - 0x00007ffe08542000 	C:\Windows\SYSTEM32\kernel.appcore.dll
0x00007ffdfc670000 - 0x00007ffdfc67a000 	D:\good-drivers-defender\jdk17\jdk-17.0.19+10\bin\jimage.dll
0x00007ffe04aa0000 - 0x00007ffe04ca1000 	C:\Windows\SYSTEM32\DBGHELP.DLL
0x00007ffdfa430000 - 0x00007ffdfa464000 	C:\Windows\SYSTEM32\dbgcore.DLL
0x00007ffe0a6e0000 - 0x00007ffe0a762000 	C:\Windows\System32\bcryptPrimitives.dll
0x00007ffdeeca0000 - 0x00007ffdeecae000 	D:\good-drivers-defender\jdk17\jdk-17.0.19+10\bin\instrument.dll
0x00007ffdeecb0000 - 0x00007ffdeecd5000 	D:\good-drivers-defender\jdk17\jdk-17.0.19+10\bin\java.dll
0x00007ffdd5190000 - 0x00007ffdd5267000 	D:\good-drivers-defender\jdk17\jdk-17.0.19+10\bin\jsvml.dll
0x00007ffe0c000000 - 0x00007ffe0c770000 	C:\Windows\System32\SHELL32.dll
0x00007ffe08730000 - 0x00007ffe08ed5000 	C:\Windows\SYSTEM32\windows.storage.dll
0x00007ffe0bb90000 - 0x00007ffe0bee4000 	C:\Windows\System32\combase.dll
0x00007ffe0a030000 - 0x00007ffe0a05b000 	C:\Windows\SYSTEM32\Wldp.dll
0x00007ffe0c990000 - 0x00007ffe0ca5d000 	C:\Windows\System32\OLEAUT32.dll
0x00007ffe0ba10000 - 0x00007ffe0babd000 	C:\Windows\System32\SHCORE.dll
0x00007ffe0c930000 - 0x00007ffe0c98b000 	C:\Windows\System32\shlwapi.dll
0x00007ffe0a610000 - 0x00007ffe0a634000 	C:\Windows\SYSTEM32\profapi.dll
0x00007ffde9e60000 - 0x00007ffde9e78000 	D:\good-drivers-defender\jdk17\jdk-17.0.19+10\bin\zip.dll
0x00007ffdf3780000 - 0x00007ffdf379a000 	D:\good-drivers-defender\jdk17\jdk-17.0.19+10\bin\net.dll
0x00007ffe03b70000 - 0x00007ffe03c7a000 	C:\Windows\SYSTEM32\WINHTTP.dll
0x00007ffe09d70000 - 0x00007ffe09dda000 	C:\Windows\system32\mswsock.dll
0x00007ffdec150000 - 0x00007ffdec166000 	D:\good-drivers-defender\jdk17\jdk-17.0.19+10\bin\nio.dll
0x00007ffdf67d0000 - 0x00007ffdf67e0000 	D:\good-drivers-defender\jdk17\jdk-17.0.19+10\bin\verify.dll
0x00007ffdfc610000 - 0x00007ffdfc637000 	C:\Users\fucktrumpandrednecks\.gradle\native\660c5614fbf4a5f2a75b1949f50a0caf5cd603558e7d8a26e50b933a0cfb79d1\windows-amd64\native-platform.dll
0x00007ffde71f0000 - 0x00007ffde7267000 	C:\Users\fucktrumpandrednecks\.gradle\native\0.2.8\x86_64-windows-gnu\gradle-fileevents.dll
0x00007ffdfa180000 - 0x00007ffdfa18a000 	D:\good-drivers-defender\jdk17\jdk-17.0.19+10\bin\management.dll
0x00007ffdf7810000 - 0x00007ffdf781c000 	D:\good-drivers-defender\jdk17\jdk-17.0.19+10\bin\management_ext.dll
0x00007ffe0bef0000 - 0x00007ffe0bef8000 	C:\Windows\System32\PSAPI.DLL
0x00007ffe09a40000 - 0x00007ffe09a7b000 	C:\Windows\SYSTEM32\IPHLPAPI.DLL
0x00007ffe0b7b0000 - 0x00007ffe0b7b8000 	C:\Windows\System32\NSI.dll
0x00007ffe045b0000 - 0x00007ffe045c7000 	C:\Windows\SYSTEM32\dhcpcsvc6.DLL
0x00007ffe04770000 - 0x00007ffe0478d000 	C:\Windows\SYSTEM32\dhcpcsvc.DLL
0x00007ffe09a80000 - 0x00007ffe09b4a000 	C:\Windows\SYSTEM32\DNSAPI.dll
0x00007ffdf7610000 - 0x00007ffdf7619000 	D:\good-drivers-defender\jdk17\jdk-17.0.19+10\bin\extnet.dll
0x00007ffe09f80000 - 0x00007ffe09f98000 	C:\Windows\SYSTEM32\CRYPTSP.dll
0x00007ffe09670000 - 0x00007ffe096a8000 	C:\Windows\system32\rsaenh.dll
0x00007ffe0a5d0000 - 0x00007ffe0a5fe000 	C:\Windows\SYSTEM32\USERENV.dll
0x00007ffe09fa0000 - 0x00007ffe09fac000 	C:\Windows\SYSTEM32\CRYPTBASE.dll
0x00007ffdeec70000 - 0x00007ffdeec7e000 	D:\good-drivers-defender\jdk17\jdk-17.0.19+10\bin\sunmscapi.dll
0x00007ffe0a940000 - 0x00007ffe0aa9d000 	C:\Windows\System32\CRYPT32.dll
0x00007ffe0a0a0000 - 0x00007ffe0a0c7000 	C:\Windows\SYSTEM32\ncrypt.dll
0x00007ffe0a060000 - 0x00007ffe0a09b000 	C:\Windows\SYSTEM32\NTASN1.dll
0x00007ffe07b10000 - 0x00007ffe07b17000 	C:\Windows\system32\wshunix.dll
0x00007ffdfef10000 - 0x00007ffdfef1a000 	C:\Windows\System32\rasadhlp.dll
0x00007ffdff440000 - 0x00007ffdff4c0000 	C:\Windows\System32\fwpuclnt.dll
0x00007ffe098d0000 - 0x00007ffe09903000 	C:\Windows\SYSTEM32\ntmarta.dll

dbghelp: loaded successfully - version: 4.0.5 - missing functions: none
symbol engine: initialized successfully - sym options: 0x614 - pdb path: .;D:\good-drivers-defender\jdk17\jdk-17.0.19+10\bin;C:\Windows\SYSTEM32;C:\Windows\WinSxS\amd64_microsoft.windows.common-controls_6595b64144ccf1df_6.0.19041.6456_none_60b8a6cb71f64256;D:\good-drivers-defender\jdk17\jdk-17.0.19+10\bin\server;C:\Users\fucktrumpandrednecks\.gradle\native\660c5614fbf4a5f2a75b1949f50a0caf5cd603558e7d8a26e50b933a0cfb79d1\windows-amd64;C:\Users\fucktrumpandrednecks\.gradle\native\0.2.8\x86_64-windows-gnu

VM Arguments:
jvm_args: --add-opens=java.base/java.lang=ALL-UNNAMED --add-opens=java.base/java.lang.invoke=ALL-UNNAMED --add-opens=java.base/java.util=ALL-UNNAMED --add-opens=java.prefs/java.util.prefs=ALL-UNNAMED --add-exports=jdk.compiler/com.sun.tools.javac.api=ALL-UNNAMED --add-exports=jdk.compiler/com.sun.tools.javac.util=ALL-UNNAMED --add-opens=java.base/java.util=ALL-UNNAMED --add-opens=java.prefs/java.util.prefs=ALL-UNNAMED --add-opens=java.base/java.nio.charset=ALL-UNNAMED --add-opens=java.base/java.net=ALL-UNNAMED --add-opens=java.base/java.util.concurrent=ALL-UNNAMED --add-opens=java.base/java.util.concurrent.atomic=ALL-UNNAMED --add-opens=java.xml/javax.xml.namespace=ALL-UNNAMED --add-opens=java.base/java.time=ALL-UNNAMED -Xmx4g -Dfile.encoding=UTF-8 -Duser.country=US -Duser.language=en -Duser.variant -javaagent:C:\Users\fucktrumpandrednecks\.gradle\wrapper\dists\gradle-9.3.1-bin\23ovyewtku6u96viwx3xl3oks\gradle-9.3.1\lib\agents\gradle-instrumentation-agent-9.3.1.jar 
java_command: org.gradle.launcher.daemon.bootstrap.GradleDaemon 9.3.1
java_class_path (initial): C:\Users\fucktrumpandrednecks\.gradle\wrapper\dists\gradle-9.3.1-bin\23ovyewtku6u96viwx3xl3oks\gradle-9.3.1\lib\gradle-daemon-main-9.3.1.jar
Launcher Type: SUN_STANDARD

[Global flags]
     intx CICompilerCount                          = 4                                         {product} {ergonomic}
     uint ConcGCThreads                            = 2                                         {product} {ergonomic}
     uint G1ConcRefinementThreads                  = 8                                         {product} {ergonomic}
   size_t G1HeapRegionSize                         = 2097152                                   {product} {ergonomic}
    uintx GCDrainStackTargetSize                   = 64                                        {product} {ergonomic}
   size_t InitialHeapSize                          = 234881024                                 {product} {ergonomic}
   size_t MarkStackSize                            = 4194304                                   {product} {ergonomic}
   size_t MaxHeapSize                              = 4294967296                                {product} {command line}
   size_t MaxNewSize                               = 2575302656                                {product} {ergonomic}
   size_t MinHeapDeltaBytes                        = 2097152                                   {product} {ergonomic}
   size_t MinHeapSize                              = 8388608                                   {product} {ergonomic}
    uintx NonNMethodCodeHeapSize                   = 5839372                                {pd product} {ergonomic}
    uintx NonProfiledCodeHeapSize                  = 122909434                              {pd product} {ergonomic}
    uintx ProfiledCodeHeapSize                     = 122909434                              {pd product} {ergonomic}
    uintx ReservedCodeCacheSize                    = 251658240                              {pd product} {ergonomic}
     bool SegmentedCodeCache                       = true                                      {product} {ergonomic}
   size_t SoftMaxHeapSize                          = 4294967296                             {manageable} {ergonomic}
     bool UseCompressedClassPointers               = true                           {product lp64_product} {ergonomic}
     bool UseCompressedOops                        = true                           {product lp64_product} {ergonomic}
     bool UseG1GC                                  = true                                      {product} {ergonomic}
     bool UseLargePagesIndividualAllocation        = false                                  {pd product} {ergonomic}

Logging:
Log output configuration:
 #0: stdout all=warning uptime,level,tags
 #1: stderr all=off uptime,level,tags

Environment Variables:
JAVA_HOME=D:\good-drivers-defender\jdk17\jdk-17.0.19+10
PATH=C:/Users/fucktrumpandrednecks/.gemini/antigravity-ide/bin;C:\Program Files\Google\Chrome\Application;C:\Windows\system32;C:\Windows;C:\Windows\System32\Wbem;C:\Windows\System32\WindowsPowerShell\v1.0\;C:\Windows\System32\OpenSSH\;C:\Windows\system32\config\systemprofile\AppData\Local\Muse Hub\lib;C:\ProgramData\chocolatey\bin;C:\Program Files\dotnet\;C:\Program Files\nodejs\;C:\Program Files\CMake\bin;C:\Program Files\Git\cmd;C:\Program Files\Tailscale\;C:\Program Files\Microsoft SQL Server\150\Tools\Binn\;C:\Program Files\Microsoft SQL Server\Client SDK\ODBC\170\Tools\Binn\;C:\Program Files (x86)\Windows Kits\10\Windows Performance Toolkit\;C:\Program Files\Docker\Docker\resources\bin;C:\Users\fucktrumpandrednecks\.local\bin;C:\Users\fucktrumpandrednecks\AppData\Local\Programs\Python\Python312\Scripts\;C:\Users\fucktrumpandrednecks\AppData\Local\Programs\Python\Python312\;C:\Users\fucktrumpandrednecks\AppData\Local\Programs\Python\Launcher\;C:\Windows\system32;C:\Windows;C:\Windows\System32\Wbem;C:\Windows\System32\WindowsPowerShell\v1.0\;C:\Windows\System32\OpenSSH\;C:\Windows\system32\config\systemprofile\AppData\Local\Muse Hub\lib;C:\ProgramData\chocolatey\bin;C:\Program Files\Git\cmd;C:\Program Files\dotnet\;C:\Program Files\nodejs\;C:\Users\fucktrumpandrednecks\AppData\Local\Microsoft\WindowsApps;C:\Users\fucktrumpandrednecks\AppData\Local\Muse Hub\lib;C:\Users\fucktrumpandrednecks\AppData\Roaming\npm;C:\Users\fucktrumpandrednecks\AppData\Local\Python\bin;C:\Users\fucktrumpandrednecks\.cargo\bin;C:\Users\fucktrumpandrednecks\AppData\Local\Programs\Microsoft VS Code\bin;C:\Users\fucktrumpandrednecks\AppData\Local\Programs\Ollama;C:\Users\fucktrumpandrednecks\AppData\Local\GitHubDesktop\bin;C:\Users\fucktrumpandrednecks\.dotnet\tools;C:\Users\fucktrumpandrednecks\AppData\Local\Pandoc\;C:\Users\fucktrumpandrednecks\AppData\Local\Programs\MiKTeX\miktex\bin\x64\;C:\Users\fucktrumpandrednecks\AppData\Local\Microsoft\WinGet\Packages\PHP.PHP.8.4_Microsoft.Winget.Source_8wekyb3d8bbwe;C:\Users\fucktrumpandrednecks\AppData\Local\Microsoft\WinGet\Packages\PHP.PHP.8.5_Microsoft.Winget.Source_8wekyb3d8bbwe;
USERNAME=fucktrumpandrednecks
OS=Windows_NT
PROCESSOR_IDENTIFIER=AMD64 Family 23 Model 24 Stepping 1, AuthenticAMD
TMP=C:\Users\FUCKTR~1\AppData\Local\Temp
TEMP=C:\Users\FUCKTR~1\AppData\Local\Temp



Periodic native trim disabled


---------------  S Y S T E M  ---------------

OS:
 Windows 10 , 64 bit Build 19041 (10.0.19041.5915)
OS uptime: 16 days 8:33 hours
Hyper-V role detected

CPU: total 8 (initial active 8) (8 cores per cpu, 2 threads per core) family 23 model 24 stepping 1 microcode 0x0, cx8, cmov, fxsr, ht, mmx, 3dnowpref, sse, sse2, sse3, ssse3, sse4a, sse4.1, sse4.2, popcnt, lzcnt, tsc, tscinvbit, avx, avx2, aes, clmul, bmi1, bmi2, adx, sha, fma, vzeroupper, clflush, clflushopt, hv
Processor Information for all 8 processors :
  Max Mhz: 3700, Current Mhz: 3700, Mhz Limit: 3700

Memory: 4k page, system-wide physical 14261M (323M free)
TotalPageFile size 44709M (AvailPageFile size 614M)
current process WorkingSet (physical memory assigned to process): 792M, peak: 894M
current process commit charge ("private bytes"): 1357M, peak: 2644M

vm_info: OpenJDK 64-Bit Server VM (17.0.19+10) for windows-amd64 JRE (17.0.19+10), built on Apr 25 2026 08:04:44 by "admin" with MS VC++ 17.12 (VS2022)

END.
